,phase,item_id,domain,modal_possibility,temporal_orientation,order,context_order,context_only_question,judgement_flavour,context_only_option_3,group
0,Critical Test,C1,Zoo animal-care room,-1.0,past perfect,E-D-N,"Aisha's classmates lost track of her after lunch, and the hallway camera near the animal-care room is being serviced. The animal-care room is reserved for zoo staff, while Aisha has a regular visitor wristband. Aisha is photographing exhibits at the zoo for a biology assignment.","According to the <b>rules or permissions</b> described in the story, was Aisha permitted to go into the animal-care room?",Deontic,The story does not say,1
1,Critical Test,C1,Zoo animal-care room,-1.0,past perfect,N-E-D,"Aisha is photographing exhibits at the zoo for a biology assignment. Aisha's classmates lost track of her after lunch, and the hallway camera near the animal-care room is being serviced. The animal-care room is reserved for zoo staff, while Aisha has a regular visitor wristband.","According to the <b>rules or permissions</b> described in the story, was Aisha permitted to go into the animal-care room?",Deontic,The story does not say,2
2,Critical Test,C1,Zoo animal-care room,1.0,future eventive,D-N-E,"Aisha's volunteer credential permits her to work in the animal-care room. Aisha is volunteering at the zoo tomorrow as part of a conservation program. The finalized duty schedule assigns Aisha to the education kiosk for her entire shift, and her coordinator confirmed that assignment with her.","According to the <b>rules or permissions</b> described in the story, is Aisha permitted to work in the animal-care room tomorrow?",Deontic,The story does not say,3
3,Critical Test,C1,Zoo animal-care room,1.0,future eventive,N-D-E,"Aisha is volunteering at the zoo tomorrow as part of a conservation program. Aisha's volunteer credential permits her to work in the animal-care room. The finalized duty schedule assigns Aisha to the education kiosk for her entire shift, and her coordinator confirmed that assignment with her.","According to the <b>rules or permissions</b> described in the story, is Aisha permitted to work in the animal-care room tomorrow?",Deontic,The story does not say,4
4,Critical Test,C1,Zoo animal-care room,-1.0,future eventive,D-N-E,"Aisha's volunteer credential permits her to work in the animal-care room. Aisha is volunteering at the zoo tomorrow as part of a conservation program. The finalized duty schedule assigns Aisha to the education kiosk for her entire shift, and her coordinator confirmed that assignment with her.","Based on the <b>information</b> described in the story, is it possible that Aisha will work in the animal-care room tomorrow?",Epistemic,,5
5,Critical Test,C1,Zoo animal-care room,-1.0,future eventive,N-D-E,"Aisha is volunteering at the zoo tomorrow as part of a conservation program. Aisha's volunteer credential permits her to work in the animal-care room. The finalized duty schedule assigns Aisha to the education kiosk for her entire shift, and her coordinator confirmed that assignment with her.","Based on the <b>information</b> described in the story, is it possible that Aisha will work in the animal-care room tomorrow?",Epistemic,,6
6,Critical Test,C1,Zoo animal-care room,,past perfect,E-D-N,"Aisha's classmates lost track of her after lunch, and the hallway camera near the animal-care room is being serviced. The animal-care room is reserved for zoo staff, while Aisha has a regular visitor wristband. Aisha is photographing exhibits at the zoo for a biology assignment.","Based on the <b>information</b> described in the story, is it possible that Aisha went into the animal-care room?",Epistemic,,7
7,Critical Test,C1,Zoo animal-care room,,past perfect,N-E-D,"Aisha is photographing exhibits at the zoo for a biology assignment. Aisha's classmates lost track of her after lunch, and the hallway camera near the animal-care room is being serviced. The animal-care room is reserved for zoo staff, while Aisha has a regular visitor wristband.","Based on the <b>information</b> described in the story, is it possible that Aisha went into the animal-care room?",Epistemic,,8
8,Critical Test,C2,University observatory,-1.0,present progressive,D-E-N,"The telescope control room is reserved for trained operators, and Theo has not completed the operator course. The other club members cannot find Theo right now, and the control-room door sensor is temporarily offline. Theo is at the university observatory with the astronomy club tonight.","According to the <b>rules or permissions</b> described in the story, is Theo permitted to work in the telescope control room?",Deontic,The story does not say,2
9,Critical Test,C2,University observatory,-1.0,present progressive,E-N-D,"The other club members cannot find Theo right now, and the control-room door sensor is temporarily offline. Theo is at the university observatory with the astronomy club tonight. The telescope control room is reserved for trained operators, and Theo has not completed the operator course.","According to the <b>rules or permissions</b> described in the story, is Theo permitted to work in the telescope control room?",Deontic,The story does not say,3
10,Critical Test,C2,University observatory,1.0,future eventive,E-D-N,"The final volunteer roster assigns Theo to greet visitors at the entrance for the entire event, and he confirmed that shift. He completed the operator course last month, so he is authorized to use the telescope control room. Theo is helping with a public astronomy night at the observatory tomorrow.","According to the <b>rules or permissions</b> described in the story, is Theo permitted to work in the telescope control room tomorrow night?",Deontic,The story does not say,4
11,Critical Test,C2,University observatory,1.0,future eventive,N-E-D,"Theo is helping with a public astronomy night at the observatory tomorrow. The final volunteer roster assigns Theo to greet visitors at the entrance for the entire event, and he confirmed that shift. He completed the operator course last month, so he is authorized to use the telescope control room.","According to the <b>rules or permissions</b> described in the story, is Theo permitted to work in the telescope control room tomorrow night?",Deontic,The story does not say,5
12,Critical Test,C2,University observatory,-1.0,future eventive,E-D-N,"The final volunteer roster assigns Theo to greet visitors at the entrance for the entire event, and he confirmed that shift. He completed the operator course last month, so he is authorized to use the telescope control room. Theo is helping with a public astronomy night at the observatory tomorrow.","Based on the <b>information</b> described in the story, is it possible that Theo will work in the telescope control room tomorrow night?",Epistemic,,6
13,Critical Test,C2,University observatory,-1.0,future eventive,N-E-D,"Theo is helping with a public astronomy night at the observatory tomorrow. The final volunteer roster assigns Theo to greet visitors at the entrance for the entire event, and he confirmed that shift. He completed the operator course last month, so he is authorized to use the telescope control room.","Based on the <b>information</b> described in the story, is it possible that Theo will work in the telescope control room tomorrow night?",Epistemic,,7
14,Critical Test,C2,University observatory,,present progressive,D-E-N,"The telescope control room is reserved for trained operators, and Theo has not completed the operator course. The other club members cannot find Theo right now, and the control-room door sensor is temporarily offline. Theo is at the university observatory with the astronomy club tonight.","Based on the <b>information</b> described in the story, is it possible that Theo is working in the telescope control room now?",Epistemic,,8
15,Critical Test,C2,University observatory,,present progressive,E-N-D,"The other club members cannot find Theo right now, and the control-room door sensor is temporarily offline. Theo is at the university observatory with the astronomy club tonight. The telescope control room is reserved for trained operators, and Theo has not completed the operator course.","Based on the <b>information</b> described in the story, is it possible that Theo is working in the telescope control room now?",Epistemic,,1
16,Critical Test,C3,Student film studio,-1.0,past perfect,D-N-E,"The sound-mixing suite is reserved for post-production staff, while Grace is registered as part of the camera crew. Grace spent the morning at a student film studio working on a documentary. The production log has a gap during the lunch break, and Grace's teammates do not know where she went.","According to the <b>rules or permissions</b> described in the story, was Grace permitted to go into the sound-mixing suite?",Deontic,The story does not say,3
17,Critical Test,C3,Student film studio,-1.0,past perfect,N-D-E,"Grace spent the morning at a student film studio working on a documentary. The sound-mixing suite is reserved for post-production staff, while Grace is registered as part of the camera crew. The production log has a gap during the lunch break, and Grace's teammates do not know where she went.","According to the <b>rules or permissions</b> described in the story, was Grace permitted to go into the sound-mixing suite?",Deontic,The story does not say,4
18,Critical Test,C3,Student film studio,1.0,future eventive,D-E-N,"Grace has received an all-area crew badge that includes the sound-mixing suite. The locked shooting schedule assigns Grace to an outdoor location for the entire afternoon, and she confirmed the assignment today. Grace is returning to the film studio tomorrow for another production day.","According to the <b>rules or permissions</b> described in the story, is Grace permitted to use the sound-mixing suite tomorrow afternoon?",Deontic,The story does not say,5
19,Critical Test,C3,Student film studio,1.0,future eventive,E-N-D,"The locked shooting schedule assigns Grace to an outdoor location for the entire afternoon, and she confirmed the assignment today. Grace is returning to the film studio tomorrow for another production day. Grace has received an all-area crew badge that includes the sound-mixing suite.","According to the <b>rules or permissions</b> described in the story, is Grace permitted to use the sound-mixing suite tomorrow afternoon?",Deontic,The story does not say,6
20,Critical Test,C3,Student film studio,-1.0,future eventive,D-E-N,"Grace has received an all-area crew badge that includes the sound-mixing suite. The locked shooting schedule assigns Grace to an outdoor location for the entire afternoon, and she confirmed the assignment today. Grace is returning to the film studio tomorrow for another production day.","Based on the <b>information</b> described in the story, is it possible that Grace will use the sound-mixing suite tomorrow afternoon?",Epistemic,,7
21,Critical Test,C3,Student film studio,-1.0,future eventive,E-N-D,"The locked shooting schedule assigns Grace to an outdoor location for the entire afternoon, and she confirmed the assignment today. Grace is returning to the film studio tomorrow for another production day. Grace has received an all-area crew badge that includes the sound-mixing suite.","Based on the <b>information</b> described in the story, is it possible that Grace will use the sound-mixing suite tomorrow afternoon?",Epistemic,,8
22,Critical Test,C3,Student film studio,,past perfect,D-N-E,"The sound-mixing suite is reserved for post-production staff, while Grace is registered as part of the camera crew. Grace spent the morning at a student film studio working on a documentary. The production log has a gap during the lunch break, and Grace's teammates do not know where she went.","Based on the <b>information</b> described in the story, is it possible that Grace went into the sound-mixing suite?",Epistemic,,1
23,Critical Test,C3,Student film studio,,past perfect,N-D-E,"Grace spent the morning at a student film studio working on a documentary. The sound-mixing suite is reserved for post-production staff, while Grace is registered as part of the camera crew. The production log has a gap during the lunch break, and Grace's teammates do not know where she went.","Based on the <b>information</b> described in the story, is it possible that Grace went into the sound-mixing suite?",Epistemic,,2
24,Critical Test,C4,Hotel rooftop lounge,-1.0,present stative,E-D-N,"Jordan's colleague cannot find them after lunch, and the elevator logs are unavailable during a system outage. The rooftop lounge is reserved for guests staying on the executive floors, while Jordan has a standard room. Jordan is attending a conference at a downtown hotel today.","According to the <b>rules or permissions</b> described in the story, is Jordan permitted to be in the rooftop lounge?",Deontic,The story does not say,4
25,Critical Test,C4,Hotel rooftop lounge,-1.0,present stative,N-E-D,"Jordan is attending a conference at a downtown hotel today. Jordan's colleague cannot find them after lunch, and the elevator logs are unavailable during a system outage. The rooftop lounge is reserved for guests staying on the executive floors, while Jordan has a standard room.","According to the <b>rules or permissions</b> described in the story, is Jordan permitted to be in the rooftop lounge?",Deontic,The story does not say,5
26,Critical Test,C4,Hotel rooftop lounge,1.0,future eventive,D-N-E,"The hotel upgraded Jordan to an executive-floor room, which includes use of the rooftop lounge. Jordan is staying at the same hotel for the conference tomorrow. Jordan's final conference program has them presenting throughout the lounge's afternoon opening hours, and the session chair confirmed the schedule.","According to the <b>rules or permissions</b> described in the story, is Jordan permitted to sit in the rooftop lounge tomorrow afternoon?",Deontic,The story does not say,6
27,Critical Test,C4,Hotel rooftop lounge,1.0,future eventive,N-D-E,"Jordan is staying at the same hotel for the conference tomorrow. The hotel upgraded Jordan to an executive-floor room, which includes use of the rooftop lounge. Jordan's final conference program has them presenting throughout the lounge's afternoon opening hours, and the session chair confirmed the schedule.","According to the <b>rules or permissions</b> described in the story, is Jordan permitted to sit in the rooftop lounge tomorrow afternoon?",Deontic,The story does not say,7
28,Critical Test,C4,Hotel rooftop lounge,-1.0,future eventive,D-N-E,"The hotel upgraded Jordan to an executive-floor room, which includes use of the rooftop lounge. Jordan is staying at the same hotel for the conference tomorrow. Jordan's final conference program has them presenting throughout the lounge's afternoon opening hours, and the session chair confirmed the schedule.","Based on the <b>information</b> described in the story, is it possible that Jordan will sit in the rooftop lounge tomorrow afternoon?",Epistemic,,8
29,Critical Test,C4,Hotel rooftop lounge,-1.0,future eventive,N-D-E,"Jordan is staying at the same hotel for the conference tomorrow. The hotel upgraded Jordan to an executive-floor room, which includes use of the rooftop lounge. Jordan's final conference program has them presenting throughout the lounge's afternoon opening hours, and the session chair confirmed the schedule.","Based on the <b>information</b> described in the story, is it possible that Jordan will sit in the rooftop lounge tomorrow afternoon?",Epistemic,,1
30,Critical Test,C4,Hotel rooftop lounge,,present stative,E-D-N,"Jordan's colleague cannot find them after lunch, and the elevator logs are unavailable during a system outage. The rooftop lounge is reserved for guests staying on the executive floors, while Jordan has a standard room. Jordan is attending a conference at a downtown hotel today.","Based on the <b>information</b> described in the story, is it possible that Jordan is in the rooftop lounge now?",Epistemic,,2
31,Critical Test,C4,Hotel rooftop lounge,,present stative,N-E-D,"Jordan is attending a conference at a downtown hotel today. Jordan's colleague cannot find them after lunch, and the elevator logs are unavailable during a system outage. The rooftop lounge is reserved for guests staying on the executive floors, while Jordan has a standard room.","Based on the <b>information</b> described in the story, is it possible that Jordan is in the rooftop lounge now?",Epistemic,,3
32,Critical Test,C5,Aquatic center diving area,-1.0,present progressive,D-E-N,"The high diving board is reserved for Level 3 swimmers, while Chloe is currently certified at Level 2. A teammate saw Chloe walking toward the diving area a few minutes ago, but nobody can see the platform from the pool deck. Chloe is at an aquatic center for swim-club practice this afternoon.","According to the <b>rules or permissions</b> described in the story, is Chloe permitted to use the high diving board?",Deontic,The story does not say,5
33,Critical Test,C5,Aquatic center diving area,-1.0,present progressive,E-N-D,"A teammate saw Chloe walking toward the diving area a few minutes ago, but nobody can see the platform from the pool deck. Chloe is at an aquatic center for swim-club practice this afternoon. The high diving board is reserved for Level 3 swimmers, while Chloe is currently certified at Level 2.","According to the <b>rules or permissions</b> described in the story, is Chloe permitted to use the high diving board?",Deontic,The story does not say,6
34,Critical Test,C5,Aquatic center diving area,1.0,future eventive,E-D-N,"The coach's finalized practice plan assigns Chloe to lap swimming for the entire session, and Chloe acknowledged the plan. She passed the Level 3 test this week, so she is now cleared to use the high diving board. Chloe is returning to the aquatic center for practice tomorrow.","According to the <b>rules or permissions</b> described in the story, is Chloe permitted to use the high diving board tomorrow?",Deontic,The story does not say,7
35,Critical Test,C5,Aquatic center diving area,1.0,future eventive,N-E-D,"Chloe is returning to the aquatic center for practice tomorrow. The coach's finalized practice plan assigns Chloe to lap swimming for the entire session, and Chloe acknowledged the plan. She passed the Level 3 test this week, so she is now cleared to use the high diving board.","According to the <b>rules or permissions</b> described in the story, is Chloe permitted to use the high diving board tomorrow?",Deontic,The story does not say,8
36,Critical Test,C5,Aquatic center diving area,-1.0,future eventive,E-D-N,"The coach's finalized practice plan assigns Chloe to lap swimming for the entire session, and Chloe acknowledged the plan. She passed the Level 3 test this week, so she is now cleared to use the high diving board. Chloe is returning to the aquatic center for practice tomorrow.","Based on the <b>information</b> described in the story, is it possible that Chloe will use the high diving board tomorrow?",Epistemic,,1
37,Critical Test,C5,Aquatic center diving area,-1.0,future eventive,N-E-D,"Chloe is returning to the aquatic center for practice tomorrow. The coach's finalized practice plan assigns Chloe to lap swimming for the entire session, and Chloe acknowledged the plan. She passed the Level 3 test this week, so she is now cleared to use the high diving board.","Based on the <b>information</b> described in the story, is it possible that Chloe will use the high diving board tomorrow?",Epistemic,,2
38,Critical Test,C5,Aquatic center diving area,,present progressive,D-E-N,"The high diving board is reserved for Level 3 swimmers, while Chloe is currently certified at Level 2. A teammate saw Chloe walking toward the diving area a few minutes ago, but nobody can see the platform from the pool deck. Chloe is at an aquatic center for swim-club practice this afternoon.","Based on the <b>information</b> described in the story, is it possible that Chloe is using the high diving board now?",Epistemic,,3
39,Critical Test,C5,Aquatic center diving area,,present progressive,E-N-D,"A teammate saw Chloe walking toward the diving area a few minutes ago, but nobody can see the platform from the pool deck. Chloe is at an aquatic center for swim-club practice this afternoon. The high diving board is reserved for Level 3 swimmers, while Chloe is currently certified at Level 2.","Based on the <b>information</b> described in the story, is it possible that Chloe is using the high diving board now?",Epistemic,,4
40,Critical Test,C6,Airport premium lounge,-1.0,past perfect,D-N-E,"The premium lounge is reserved for business-class passengers, while Marcus was traveling on an economy ticket. Marcus spent several hours at the airport yesterday waiting for a delayed flight. Marcus's friends could not find him for part of the delay, and the lounge entry scanner was temporarily malfunctioning.","According to the <b>rules or permissions</b> described in the story, was Marcus permitted to wait in the premium lounge?",Deontic,The story does not say,6
41,Critical Test,C6,Airport premium lounge,-1.0,past perfect,N-D-E,"Marcus spent several hours at the airport yesterday waiting for a delayed flight. The premium lounge is reserved for business-class passengers, while Marcus was traveling on an economy ticket. Marcus's friends could not find him for part of the delay, and the lounge entry scanner was temporarily malfunctioning.","According to the <b>rules or permissions</b> described in the story, was Marcus permitted to wait in the premium lounge?",Deontic,The story does not say,7
42,Critical Test,C6,Airport premium lounge,1.0,future eventive,D-E-N,"The airline upgraded Marcus to business class, so his ticket now includes the premium lounge. Marcus sent his family a detailed travel plan saying he will go directly from security to his gate, and he confirmed that he will not visit the lounge. Marcus is flying from the same airport again tomorrow.","According to the <b>rules or permissions</b> described in the story, is Marcus permitted to wait in the premium lounge tomorrow?",Deontic,The story does not say,8
43,Critical Test,C6,Airport premium lounge,1.0,future eventive,E-N-D,"Marcus sent his family a detailed travel plan saying he will go directly from security to his gate, and he confirmed that he will not visit the lounge. Marcus is flying from the same airport again tomorrow. The airline upgraded Marcus to business class, so his ticket now includes the premium lounge.","According to the <b>rules or permissions</b> described in the story, is Marcus permitted to wait in the premium lounge tomorrow?",Deontic,The story does not say,1
44,Critical Test,C6,Airport premium lounge,-1.0,future eventive,D-E-N,"The airline upgraded Marcus to business class, so his ticket now includes the premium lounge. Marcus sent his family a detailed travel plan saying he will go directly from security to his gate, and he confirmed that he will not visit the lounge. Marcus is flying from the same airport again tomorrow.","Based on the <b>information</b> described in the story, is it possible that Marcus will wait in the premium lounge tomorrow?",Epistemic,,2
45,Critical Test,C6,Airport premium lounge,-1.0,future eventive,E-N-D,"Marcus sent his family a detailed travel plan saying he will go directly from security to his gate, and he confirmed that he will not visit the lounge. Marcus is flying from the same airport again tomorrow. The airline upgraded Marcus to business class, so his ticket now includes the premium lounge.","Based on the <b>information</b> described in the story, is it possible that Marcus will wait in the premium lounge tomorrow?",Epistemic,,3
46,Critical Test,C6,Airport premium lounge,,past perfect,D-N-E,"The premium lounge is reserved for business-class passengers, while Marcus was traveling on an economy ticket. Marcus spent several hours at the airport yesterday waiting for a delayed flight. Marcus's friends could not find him for part of the delay, and the lounge entry scanner was temporarily malfunctioning.","Based on the <b>information</b> described in the story, is it possible that Marcus waited in the premium lounge?",Epistemic,,4
47,Critical Test,C6,Airport premium lounge,,past perfect,N-D-E,"Marcus spent several hours at the airport yesterday waiting for a delayed flight. The premium lounge is reserved for business-class passengers, while Marcus was traveling on an economy ticket. Marcus's friends could not find him for part of the delay, and the lounge entry scanner was temporarily malfunctioning.","Based on the <b>information</b> described in the story, is it possible that Marcus waited in the premium lounge?",Epistemic,,5
48,Critical Test,C7,College radio station,-1.0,present progressive,E-D-N,"The host stepped away to take a phone call and does not know where Elena went, and the hallway camera is turned off. The live recording booth is reserved for station members, while Elena is signed in as a guest. Elena is visiting the college radio station for a journalism project.","According to the <b>rules or permissions</b> described in the story, is Elena permitted to sit in the live recording booth?",Deontic,The story does not say,7
49,Critical Test,C7,College radio station,-1.0,present progressive,N-E-D,"Elena is visiting the college radio station for a journalism project. The host stepped away to take a phone call and does not know where Elena went, and the hallway camera is turned off. The live recording booth is reserved for station members, while Elena is signed in as a guest.","According to the <b>rules or permissions</b> described in the story, is Elena permitted to sit in the live recording booth?",Deontic,The story does not say,8
50,Critical Test,C7,College radio station,1.0,future eventive,D-N-E,"Elena's intern badge permits her to use the live recording booth. Elena begins an internship at the radio station tomorrow. The finalized broadcast schedule assigns another intern to the booth and Elena to the front desk for the entire shift, and both assignments were confirmed.","According to the <b>rules or permissions</b> described in the story, is Elena permitted to use the live recording booth tomorrow?",Deontic,The story does not say,1
51,Critical Test,C7,College radio station,1.0,future eventive,N-D-E,"Elena begins an internship at the radio station tomorrow. Elena's intern badge permits her to use the live recording booth. The finalized broadcast schedule assigns another intern to the booth and Elena to the front desk for the entire shift, and both assignments were confirmed.","According to the <b>rules or permissions</b> described in the story, is Elena permitted to use the live recording booth tomorrow?",Deontic,The story does not say,2
52,Critical Test,C7,College radio station,-1.0,future eventive,D-N-E,"Elena's intern badge permits her to use the live recording booth. Elena begins an internship at the radio station tomorrow. The finalized broadcast schedule assigns another intern to the booth and Elena to the front desk for the entire shift, and both assignments were confirmed.","Based on the <b>information</b> described in the story, is it possible that Elena will use the live recording booth tomorrow?",Epistemic,,3
53,Critical Test,C7,College radio station,-1.0,future eventive,N-D-E,"Elena begins an internship at the radio station tomorrow. Elena's intern badge permits her to use the live recording booth. The finalized broadcast schedule assigns another intern to the booth and Elena to the front desk for the entire shift, and both assignments were confirmed.","Based on the <b>information</b> described in the story, is it possible that Elena will use the live recording booth tomorrow?",Epistemic,,4
54,Critical Test,C7,College radio station,,present progressive,E-D-N,"The host stepped away to take a phone call and does not know where Elena went, and the hallway camera is turned off. The live recording booth is reserved for station members, while Elena is signed in as a guest. Elena is visiting the college radio station for a journalism project.","Based on the <b>information</b> described in the story, is it possible that Elena is sitting in the live recording booth now?",Epistemic,,5
55,Critical Test,C7,College radio station,,present progressive,N-E-D,"Elena is visiting the college radio station for a journalism project. The host stepped away to take a phone call and does not know where Elena went, and the hallway camera is turned off. The live recording booth is reserved for station members, while Elena is signed in as a guest.","Based on the <b>information</b> described in the story, is it possible that Elena is sitting in the live recording booth now?",Epistemic,,6
56,Critical Test,C8,Ski lodge tuning room,-1.0,past perfect,D-E-N,"The ski-tuning room is reserved for lodge employees, while Ravi has an ordinary day pass. Ravi's friends last saw him near the service hallway, and the staff movement log is incomplete for that period. Ravi spent the morning at a ski lodge with several friends.","According to the <b>rules or permissions</b> described in the story, was Ravi permitted to go into the ski-tuning room?",Deontic,The story does not say,8
57,Critical Test,C8,Ski lodge tuning room,-1.0,past perfect,E-N-D,"Ravi's friends last saw him near the service hallway, and the staff movement log is incomplete for that period. Ravi spent the morning at a ski lodge with several friends. The ski-tuning room is reserved for lodge employees, while Ravi has an ordinary day pass.","According to the <b>rules or permissions</b> described in the story, was Ravi permitted to go into the ski-tuning room?",Deontic,The story does not say,1
58,Critical Test,C8,Ski lodge tuning room,1.0,future eventive,E-D-N,"The final duty roster assigns Ravi as a course marshal outdoors for the entire event, and he confirmed the assignment. His volunteer credential includes the ski-tuning room. Ravi is volunteering at a ski race at the lodge tomorrow.","According to the <b>rules or permissions</b> described in the story, is Ravi permitted to work in the ski-tuning room tomorrow?",Deontic,The story does not say,2
59,Critical Test,C8,Ski lodge tuning room,1.0,future eventive,N-E-D,"Ravi is volunteering at a ski race at the lodge tomorrow. The final duty roster assigns Ravi as a course marshal outdoors for the entire event, and he confirmed the assignment. His volunteer credential includes the ski-tuning room.","According to the <b>rules or permissions</b> described in the story, is Ravi permitted to work in the ski-tuning room tomorrow?",Deontic,The story does not say,3
60,Critical Test,C8,Ski lodge tuning room,-1.0,future eventive,E-D-N,"The final duty roster assigns Ravi as a course marshal outdoors for the entire event, and he confirmed the assignment. His volunteer credential includes the ski-tuning room. Ravi is volunteering at a ski race at the lodge tomorrow.","Based on the <b>information</b> described in the story, is it possible that Ravi will work in the ski-tuning room tomorrow?",Epistemic,,4
61,Critical Test,C8,Ski lodge tuning room,-1.0,future eventive,N-E-D,"Ravi is volunteering at a ski race at the lodge tomorrow. The final duty roster assigns Ravi as a course marshal outdoors for the entire event, and he confirmed the assignment. His volunteer credential includes the ski-tuning room.","Based on the <b>information</b> described in the story, is it possible that Ravi will work in the ski-tuning room tomorrow?",Epistemic,,5
62,Critical Test,C8,Ski lodge tuning room,,past perfect,D-E-N,"The ski-tuning room is reserved for lodge employees, while Ravi has an ordinary day pass. Ravi's friends last saw him near the service hallway, and the staff movement log is incomplete for that period. Ravi spent the morning at a ski lodge with several friends.","Based on the <b>information</b> described in the story, is it possible that Ravi went into the ski-tuning room?",Epistemic,,6
63,Critical Test,C8,Ski lodge tuning room,,past perfect,E-N-D,"Ravi's friends last saw him near the service hallway, and the staff movement log is incomplete for that period. Ravi spent the morning at a ski lodge with several friends. The ski-tuning room is reserved for lodge employees, while Ravi has an ordinary day pass.","Based on the <b>information</b> described in the story, is it possible that Ravi went into the ski-tuning room?",Epistemic,,7
64,Filler,F1,Ice rink warm-up studio,1.0,future eventive,D-N-E,"Tessa's clinic pass includes use of the warm-up studio. Tessa is taking part in a figure-skating clinic tomorrow. Tessa told her coach that she plans to practice there before the first session, and the schedule lists that warm-up period.","According to the <b>rules or permissions</b> described in the story, is Tessa permitted to practice in the warm-up studio tomorrow morning?",Deontic,The story does not say,1
65,Filler,F1,Ice rink warm-up studio,1.0,future eventive,N-D-E,"Tessa is taking part in a figure-skating clinic tomorrow. Tessa's clinic pass includes use of the warm-up studio. Tessa told her coach that she plans to practice there before the first session, and the schedule lists that warm-up period.","According to the <b>rules or permissions</b> described in the story, is Tessa permitted to practice in the warm-up studio tomorrow morning?",Deontic,The story does not say,2
66,Filler,F1,Ice rink warm-up studio,,future eventive,D-N-E,"Tessa's clinic pass includes use of the warm-up studio. Tessa is taking part in a figure-skating clinic tomorrow. Tessa told her coach that she plans to practice there before the first session, and the schedule lists that warm-up period.","Based on the <b>information</b> described in the story, is it possible that Tessa will practice in the warm-up studio tomorrow morning?",Epistemic,,3
67,Filler,F1,Ice rink warm-up studio,,future eventive,N-D-E,"Tessa is taking part in a figure-skating clinic tomorrow. Tessa's clinic pass includes use of the warm-up studio. Tessa told her coach that she plans to practice there before the first session, and the schedule lists that warm-up period.","Based on the <b>information</b> described in the story, is it possible that Tessa will practice in the warm-up studio tomorrow morning?",Epistemic,,4
68,Filler,F2,Cinema projection booth,-1.0,past perfect,D-E-N,"The projection booth is restricted to cinema employees, while Amir had a standard festival ticket. Security footage shows Amir remained in the auditorium and lobby throughout the screening. Amir attended a film festival at a local cinema yesterday.","According to the <b>rules or permissions</b> described in the story, was Amir permitted to enter the projection booth?",Deontic,The story does not say,5
69,Filler,F2,Cinema projection booth,-1.0,past perfect,E-N-D,"Security footage shows Amir remained in the auditorium and lobby throughout the screening. Amir attended a film festival at a local cinema yesterday. The projection booth is restricted to cinema employees, while Amir had a standard festival ticket.","According to the <b>rules or permissions</b> described in the story, was Amir permitted to enter the projection booth?",Deontic,The story does not say,6
70,Filler,F2,Cinema projection booth,-1.0,past perfect,D-E-N,"The projection booth is restricted to cinema employees, while Amir had a standard festival ticket. Security footage shows Amir remained in the auditorium and lobby throughout the screening. Amir attended a film festival at a local cinema yesterday.","Based on the <b>information</b> described in the story, is it possible that Amir entered the projection booth?",Epistemic,,7
71,Filler,F2,Cinema projection booth,-1.0,past perfect,E-N-D,"Security footage shows Amir remained in the auditorium and lobby throughout the screening. Amir attended a film festival at a local cinema yesterday. The projection booth is restricted to cinema employees, while Amir had a standard festival ticket.","Based on the <b>information</b> described in the story, is it possible that Amir entered the projection booth?",Epistemic,,8
72,Filler,F3,Bakery decorating station,1.0,present progressive,E-D-N,"A coworker saw Zoe carry a tray of cupcakes to the decorating station a few minutes ago and has not seen her leave. She completed the bakery's food-handling orientation, which qualifies volunteers to use the decorating station. Zoe is helping at a bakery fundraiser this afternoon.","According to the <b>rules or permissions</b> described in the story, is Zoe permitted to work at the decorating station?",Deontic,The story does not say,2
73,Filler,F3,Bakery decorating station,1.0,present progressive,N-E-D,"Zoe is helping at a bakery fundraiser this afternoon. A coworker saw Zoe carry a tray of cupcakes to the decorating station a few minutes ago and has not seen her leave. She completed the bakery's food-handling orientation, which qualifies volunteers to use the decorating station.","According to the <b>rules or permissions</b> described in the story, is Zoe permitted to work at the decorating station?",Deontic,The story does not say,3
74,Filler,F3,Bakery decorating station,,present progressive,E-D-N,"A coworker saw Zoe carry a tray of cupcakes to the decorating station a few minutes ago and has not seen her leave. She completed the bakery's food-handling orientation, which qualifies volunteers to use the decorating station. Zoe is helping at a bakery fundraiser this afternoon.","Based on the <b>information</b> described in the story, is it possible that Zoe is working at the decorating station now?",Epistemic,,4
75,Filler,F3,Bakery decorating station,,present progressive,N-E-D,"Zoe is helping at a bakery fundraiser this afternoon. A coworker saw Zoe carry a tray of cupcakes to the decorating station a few minutes ago and has not seen her leave. She completed the bakery's food-handling orientation, which qualifies volunteers to use the decorating station.","Based on the <b>information</b> described in the story, is it possible that Zoe is working at the decorating station now?",Epistemic,,5
76,Filler,F4,Music school faculty practice room,-1.0,future eventive,D-N-E,"The faculty practice room is reserved for instructors, while Henry is attending as a guest performer. Henry is attending a piano recital at a music school tomorrow. Henry's finalized recital schedule places him in the main hall throughout the only period when the faculty room is open, and he confirmed the schedule.","According to the <b>rules or permissions</b> described in the story, is Henry permitted to practice in the faculty room tomorrow afternoon?",Deontic,The story does not say,6
77,Filler,F4,Music school faculty practice room,-1.0,future eventive,N-D-E,"Henry is attending a piano recital at a music school tomorrow. The faculty practice room is reserved for instructors, while Henry is attending as a guest performer. Henry's finalized recital schedule places him in the main hall throughout the only period when the faculty room is open, and he confirmed the schedule.","According to the <b>rules or permissions</b> described in the story, is Henry permitted to practice in the faculty room tomorrow afternoon?",Deontic,The story does not say,7
78,Filler,F4,Music school faculty practice room,-1.0,future eventive,D-N-E,"The faculty practice room is reserved for instructors, while Henry is attending as a guest performer. Henry is attending a piano recital at a music school tomorrow. Henry's finalized recital schedule places him in the main hall throughout the only period when the faculty room is open, and he confirmed the schedule.","Based on the <b>information</b> described in the story, is it possible that Henry will practice in the faculty room tomorrow afternoon?",Epistemic,,8
79,Filler,F4,Music school faculty practice room,-1.0,future eventive,N-D-E,"Henry is attending a piano recital at a music school tomorrow. The faculty practice room is reserved for instructors, while Henry is attending as a guest performer. Henry's finalized recital schedule places him in the main hall throughout the only period when the faculty room is open, and he confirmed the schedule.","Based on the <b>information</b> described in the story, is it possible that Henry will practice in the faculty room tomorrow afternoon?",Epistemic,,1
80,Filler,F5,Hotel conference suite,1.0,past perfect,D-E-N,"June's registration included the afternoon breakout session in Conference Suite B. June's attendance badge was scanned at Suite B, and a colleague remembers sitting beside her there. June attended a professional workshop at a hotel yesterday.","According to the <b>rules or permissions</b> described in the story, was June permitted to attend the session in Conference Suite B?",Deontic,The story does not say,3
81,Filler,F5,Hotel conference suite,1.0,past perfect,E-N-D,"June's attendance badge was scanned at Suite B, and a colleague remembers sitting beside her there. June attended a professional workshop at a hotel yesterday. June's registration included the afternoon breakout session in Conference Suite B.","According to the <b>rules or permissions</b> described in the story, was June permitted to attend the session in Conference Suite B?",Deontic,The story does not say,4
82,Filler,F5,Hotel conference suite,,past perfect,D-E-N,"June's registration included the afternoon breakout session in Conference Suite B. June's attendance badge was scanned at Suite B, and a colleague remembers sitting beside her there. June attended a professional workshop at a hotel yesterday.","Based on the <b>information</b> described in the story, is it possible that June attended the session in Conference Suite B?",Epistemic,,5
83,Filler,F5,Hotel conference suite,,past perfect,E-N-D,"June's attendance badge was scanned at Suite B, and a colleague remembers sitting beside her there. June attended a professional workshop at a hotel yesterday. June's registration included the afternoon breakout session in Conference Suite B.","Based on the <b>information</b> described in the story, is it possible that June attended the session in Conference Suite B?",Epistemic,,6
84,Filler,F6,Animal shelter medication room,-1.0,present stative,E-D-N,"A staff member has stayed with Samuel in the adoption room continuously since he arrived. The medication room is reserved for shelter employees and veterinarians, while Samuel is signed in as a visitor. Samuel is visiting an animal shelter today to meet a cat he may adopt.","According to the <b>rules or permissions</b> described in the story, is Samuel permitted to be in the medication room?",Deontic,The story does not say,7
85,Filler,F6,Animal shelter medication room,-1.0,present stative,N-E-D,"Samuel is visiting an animal shelter today to meet a cat he may adopt. A staff member has stayed with Samuel in the adoption room continuously since he arrived. The medication room is reserved for shelter employees and veterinarians, while Samuel is signed in as a visitor.","According to the <b>rules or permissions</b> described in the story, is Samuel permitted to be in the medication room?",Deontic,The story does not say,8
86,Filler,F6,Animal shelter medication room,-1.0,present stative,E-D-N,"A staff member has stayed with Samuel in the adoption room continuously since he arrived. The medication room is reserved for shelter employees and veterinarians, while Samuel is signed in as a visitor. Samuel is visiting an animal shelter today to meet a cat he may adopt.","Based on the <b>information</b> described in the story, is it possible that Samuel is in the medication room now?",Epistemic,,1
87,Filler,F6,Animal shelter medication room,-1.0,present stative,N-E-D,"Samuel is visiting an animal shelter today to meet a cat he may adopt. A staff member has stayed with Samuel in the adoption room continuously since he arrived. The medication room is reserved for shelter employees and veterinarians, while Samuel is signed in as a visitor.","Based on the <b>information</b> described in the story, is it possible that Samuel is in the medication room now?",Epistemic,,2
88,Filler,F7,Kayak boathouse equipment bay,1.0,future eventive,D-N-E,"Leah's course registration includes use of the equipment bay. Leah is taking a kayaking course at a boathouse tomorrow. The instructor assigned Leah to pick up the group's paddles there before class, and Leah confirmed that task.","According to the <b>rules or permissions</b> described in the story, is Leah permitted to go into the equipment bay tomorrow morning?",Deontic,The story does not say,4
89,Filler,F7,Kayak boathouse equipment bay,1.0,future eventive,N-D-E,"Leah is taking a kayaking course at a boathouse tomorrow. Leah's course registration includes use of the equipment bay. The instructor assigned Leah to pick up the group's paddles there before class, and Leah confirmed that task.","According to the <b>rules or permissions</b> described in the story, is Leah permitted to go into the equipment bay tomorrow morning?",Deontic,The story does not say,5
90,Filler,F7,Kayak boathouse equipment bay,,future eventive,D-N-E,"Leah's course registration includes use of the equipment bay. Leah is taking a kayaking course at a boathouse tomorrow. The instructor assigned Leah to pick up the group's paddles there before class, and Leah confirmed that task.","Based on the <b>information</b> described in the story, is it possible that Leah will go into the equipment bay tomorrow morning?",Epistemic,,6
91,Filler,F7,Kayak boathouse equipment bay,,future eventive,N-D-E,"Leah is taking a kayaking course at a boathouse tomorrow. Leah's course registration includes use of the equipment bay. The instructor assigned Leah to pick up the group's paddles there before class, and Leah confirmed that task.","Based on the <b>information</b> described in the story, is it possible that Leah will go into the equipment bay tomorrow morning?",Epistemic,,7
92,Filler,F8,Warehouse loading bay,-1.0,past perfect,D-E-N,"The loading bay is restricted to warehouse workers, while Colin had a visitor badge. Colin's escort log shows that he remained with the office tour group for the entire visit. Colin toured a distribution warehouse yesterday as part of an office visit.","According to the <b>rules or permissions</b> described in the story, was Colin permitted to go into the loading bay?",Deontic,The story does not say,8
93,Filler,F8,Warehouse loading bay,-1.0,past perfect,E-N-D,"Colin's escort log shows that he remained with the office tour group for the entire visit. Colin toured a distribution warehouse yesterday as part of an office visit. The loading bay is restricted to warehouse workers, while Colin had a visitor badge.","According to the <b>rules or permissions</b> described in the story, was Colin permitted to go into the loading bay?",Deontic,The story does not say,1
94,Filler,F8,Warehouse loading bay,-1.0,past perfect,D-E-N,"The loading bay is restricted to warehouse workers, while Colin had a visitor badge. Colin's escort log shows that he remained with the office tour group for the entire visit. Colin toured a distribution warehouse yesterday as part of an office visit.","Based on the <b>information</b> described in the story, is it possible that Colin went into the loading bay?",Epistemic,,2
95,Filler,F8,Warehouse loading bay,-1.0,past perfect,E-N-D,"Colin's escort log shows that he remained with the office tour group for the entire visit. Colin toured a distribution warehouse yesterday as part of an office visit. The loading bay is restricted to warehouse workers, while Colin had a visitor badge.","Based on the <b>information</b> described in the story, is it possible that Colin went into the loading bay?",Epistemic,,3
96,Training,T1,Museum entrance,0.0,past perfect / present progressive or stative,E-N,"Lina's classmate knows she entered through either the main entrance or the side entrance, but did not see which one. Lina visited a history museum this morning for a class project.","According to the <b>rules or permissions</b> described in the story, was Lina permitted to use the side entrance?",Deontic,The story does not say,5
97,Training,T1,Museum entrance,0.0,past perfect / present progressive or stative,N-E,"Lina visited a history museum this morning for a class project. Lina's classmate knows she entered through either the main entrance or the side entrance, but did not see which one.","According to the <b>rules or permissions</b> described in the story, was Lina permitted to use the side entrance?",Deontic,The story does not say,6
98,Training,T1,Museum entrance,1.0,future eventive,D-N,Lina has a green visitor badge that is valid at both the main entrance and the side entrance. Lina is visiting a history museum tomorrow for a class project.,"According to the <b>rules or permissions</b> described in the story, is Lina permitted to use the side entrance tomorrow?",Deontic,The story does not say,7
99,Training,T1,Museum entrance,1.0,future eventive,N-D,Lina is visiting a history museum tomorrow for a class project. Lina has a green visitor badge that is valid at both the main entrance and the side entrance.,"According to the <b>rules or permissions</b> described in the story, is Lina permitted to use the side entrance tomorrow?",Deontic,The story does not say,8
100,Training,T1,Museum entrance,0.0,future eventive,D-N,Lina has a green visitor badge that is valid at both the main entrance and the side entrance. Lina is visiting a history museum tomorrow for a class project.,"Based on the <b>information</b> described in the story, is it possible that Lina will use the side entrance tomorrow?",Epistemic,,1
101,Training,T1,Museum entrance,0.0,future eventive,N-D,Lina is visiting a history museum tomorrow for a class project. Lina has a green visitor badge that is valid at both the main entrance and the side entrance.,"Based on the <b>information</b> described in the story, is it possible that Lina will use the side entrance tomorrow?",Epistemic,,2
102,Training,T1,Museum entrance,1.0,past perfect / present progressive or stative,E-N,"Lina's classmate knows she entered through either the main entrance or the side entrance, but did not see which one. Lina visited a history museum this morning for a class project.","Based on the <b>information</b> described in the story, is it possible that Lina used the side entrance?",Epistemic,,3
103,Training,T1,Museum entrance,1.0,past perfect / present progressive or stative,N-E,"Lina visited a history museum this morning for a class project. Lina's classmate knows she entered through either the main entrance or the side entrance, but did not see which one.","Based on the <b>information</b> described in the story, is it possible that Lina used the side entrance?",Epistemic,,4
104,Training,T10,Workshop equipment,0.0,past perfect / present progressive or stative,E-N,Ben's coworker knows his project uses either the power drill or the laser cutter but cannot see which machine he chose. Ben is working in a community workshop right now.,"According to the <b>rules or permissions</b> described in the story, is Ben permitted to use the laser cutter?",Deontic,The story does not say,6
105,Training,T10,Workshop equipment,0.0,past perfect / present progressive or stative,N-E,Ben is working in a community workshop right now. Ben's coworker knows his project uses either the power drill or the laser cutter but cannot see which machine he chose.,"According to the <b>rules or permissions</b> described in the story, is Ben permitted to use the laser cutter?",Deontic,The story does not say,7
106,Training,T10,Workshop equipment,1.0,future eventive,D-N,Ben's safety certificate lists both the power drill and the laser cutter. Ben is working in a community workshop tomorrow.,"According to the <b>rules or permissions</b> described in the story, is Ben permitted to use the laser cutter tomorrow?",Deontic,The story does not say,8
107,Training,T10,Workshop equipment,1.0,future eventive,N-D,Ben is working in a community workshop tomorrow. Ben's safety certificate lists both the power drill and the laser cutter.,"According to the <b>rules or permissions</b> described in the story, is Ben permitted to use the laser cutter tomorrow?",Deontic,The story does not say,1
108,Training,T10,Workshop equipment,0.0,future eventive,D-N,Ben's safety certificate lists both the power drill and the laser cutter. Ben is working in a community workshop tomorrow.,"Based on the <b>information</b> described in the story, is it possible that Ben will use the laser cutter tomorrow?",Epistemic,,2
109,Training,T10,Workshop equipment,0.0,future eventive,N-D,Ben is working in a community workshop tomorrow. Ben's safety certificate lists both the power drill and the laser cutter.,"Based on the <b>information</b> described in the story, is it possible that Ben will use the laser cutter tomorrow?",Epistemic,,3
110,Training,T10,Workshop equipment,1.0,past perfect / present progressive or stative,E-N,Ben's coworker knows his project uses either the power drill or the laser cutter but cannot see which machine he chose. Ben is working in a community workshop right now.,"Based on the <b>information</b> described in the story, is it possible that Ben is using the laser cutter now?",Epistemic,,4
111,Training,T10,Workshop equipment,1.0,past perfect / present progressive or stative,N-E,Ben is working in a community workshop right now. Ben's coworker knows his project uses either the power drill or the laser cutter but cannot see which machine he chose.,"Based on the <b>information</b> described in the story, is it possible that Ben is using the laser cutter now?",Epistemic,,5
112,Training,T11,Community kitchen,0.0,past perfect / present progressive or stative,E-N,Nina's coordinator knows she was assigned either to food preparation or to cooking but has not checked which station she is at. Nina is volunteering at the community center right now.,"According to the <b>rules or permissions</b> described in the story, is Nina permitted to work at the cooking station?",Deontic,The story does not say,7
113,Training,T11,Community kitchen,0.0,past perfect / present progressive or stative,N-E,Nina is volunteering at the community center right now. Nina's coordinator knows she was assigned either to food preparation or to cooking but has not checked which station she is at.,"According to the <b>rules or permissions</b> described in the story, is Nina permitted to work at the cooking station?",Deontic,The story does not say,8
114,Training,T11,Community kitchen,1.0,future eventive,D-N,"Nina completed the food-safety course, which qualifies volunteers to work at both the preparation and cooking stations. Nina is volunteering at a community center tomorrow.","According to the <b>rules or permissions</b> described in the story, is Nina permitted to work at the cooking station tomorrow?",Deontic,The story does not say,1
115,Training,T11,Community kitchen,1.0,future eventive,N-D,"Nina is volunteering at a community center tomorrow. Nina completed the food-safety course, which qualifies volunteers to work at both the preparation and cooking stations.","According to the <b>rules or permissions</b> described in the story, is Nina permitted to work at the cooking station tomorrow?",Deontic,The story does not say,2
116,Training,T11,Community kitchen,0.0,future eventive,D-N,"Nina completed the food-safety course, which qualifies volunteers to work at both the preparation and cooking stations. Nina is volunteering at a community center tomorrow.","Based on the <b>information</b> described in the story, is it possible that Nina will work at the cooking station tomorrow?",Epistemic,,3
117,Training,T11,Community kitchen,0.0,future eventive,N-D,"Nina is volunteering at a community center tomorrow. Nina completed the food-safety course, which qualifies volunteers to work at both the preparation and cooking stations.","Based on the <b>information</b> described in the story, is it possible that Nina will work at the cooking station tomorrow?",Epistemic,,4
118,Training,T11,Community kitchen,1.0,past perfect / present progressive or stative,E-N,Nina's coordinator knows she was assigned either to food preparation or to cooking but has not checked which station she is at. Nina is volunteering at the community center right now.,"Based on the <b>information</b> described in the story, is it possible that Nina is working at the cooking station now?",Epistemic,,5
119,Training,T11,Community kitchen,1.0,past perfect / present progressive or stative,N-E,Nina is volunteering at the community center right now. Nina's coordinator knows she was assigned either to food preparation or to cooking but has not checked which station she is at.,"Based on the <b>information</b> described in the story, is it possible that Nina is working at the cooking station now?",Epistemic,,6
120,Training,T12,College lab,0.0,past perfect / present progressive or stative,E-N,"Daniel's supervisor knows he is in either Lab A or Lab B, but the room log has not been updated. Daniel is doing an experiment right now.","According to the <b>rules or permissions</b> described in the story, is Daniel permitted to work in Lab B?",Deontic,The story does not say,8
121,Training,T12,College lab,0.0,past perfect / present progressive or stative,N-E,"Daniel is doing an experiment right now. Daniel's supervisor knows he is in either Lab A or Lab B, but the room log has not been updated.","According to the <b>rules or permissions</b> described in the story, is Daniel permitted to work in Lab B?",Deontic,The story does not say,1
122,Training,T12,College lab,1.0,future eventive,D-N,Daniel's new safety qualification covers both Lab A and Lab B. Daniel is doing an experiment tomorrow.,"According to the <b>rules or permissions</b> described in the story, is Daniel permitted to work in Lab B tomorrow?",Deontic,The story does not say,2
123,Training,T12,College lab,1.0,future eventive,N-D,Daniel is doing an experiment tomorrow. Daniel's new safety qualification covers both Lab A and Lab B.,"According to the <b>rules or permissions</b> described in the story, is Daniel permitted to work in Lab B tomorrow?",Deontic,The story does not say,3
124,Training,T12,College lab,0.0,future eventive,D-N,Daniel's new safety qualification covers both Lab A and Lab B. Daniel is doing an experiment tomorrow.,"Based on the <b>information</b> described in the story, is it possible that Daniel will work in Lab B tomorrow?",Epistemic,,4
125,Training,T12,College lab,0.0,future eventive,N-D,Daniel is doing an experiment tomorrow. Daniel's new safety qualification covers both Lab A and Lab B.,"Based on the <b>information</b> described in the story, is it possible that Daniel will work in Lab B tomorrow?",Epistemic,,5
126,Training,T12,College lab,1.0,past perfect / present progressive or stative,E-N,"Daniel's supervisor knows he is in either Lab A or Lab B, but the room log has not been updated. Daniel is doing an experiment right now.","Based on the <b>information</b> described in the story, is it possible that Daniel is in Lab B now?",Epistemic,,6
127,Training,T12,College lab,1.0,past perfect / present progressive or stative,N-E,"Daniel is doing an experiment right now. Daniel's supervisor knows he is in either Lab A or Lab B, but the room log has not been updated.","Based on the <b>information</b> described in the story, is it possible that Daniel is in Lab B now?",Epistemic,,7
128,Training,T2,Library rooms,0.0,past perfect / present progressive or stative,E-N,Priya's classmate knows she is in either the reading room or the map room but has not found her yet. Priya is doing research at the library right now.,"According to the <b>rules or permissions</b> described in the story, is Priya permitted to work in the map room?",Deontic,The story does not say,1
129,Training,T2,Library rooms,0.0,past perfect / present progressive or stative,N-E,Priya is doing research at the library right now. Priya's classmate knows she is in either the reading room or the map room but has not found her yet.,"According to the <b>rules or permissions</b> described in the story, is Priya permitted to work in the map room?",Deontic,The story does not say,2
130,Training,T2,Library rooms,1.0,future eventive,D-N,Priya's researcher card lists both the reading room and the map room. Priya is doing research at the library tomorrow.,"According to the <b>rules or permissions</b> described in the story, is Priya permitted to work in the map room tomorrow?",Deontic,The story does not say,3
131,Training,T2,Library rooms,1.0,future eventive,N-D,Priya is doing research at the library tomorrow. Priya's researcher card lists both the reading room and the map room.,"According to the <b>rules or permissions</b> described in the story, is Priya permitted to work in the map room tomorrow?",Deontic,The story does not say,4
132,Training,T2,Library rooms,0.0,future eventive,D-N,Priya's researcher card lists both the reading room and the map room. Priya is doing research at the library tomorrow.,"Based on the <b>information</b> described in the story, is it possible that Priya will work in the map room tomorrow?",Epistemic,,5
133,Training,T2,Library rooms,0.0,future eventive,N-D,Priya is doing research at the library tomorrow. Priya's researcher card lists both the reading room and the map room.,"Based on the <b>information</b> described in the story, is it possible that Priya will work in the map room tomorrow?",Epistemic,,6
134,Training,T2,Library rooms,1.0,past perfect / present progressive or stative,E-N,Priya's classmate knows she is in either the reading room or the map room but has not found her yet. Priya is doing research at the library right now.,"Based on the <b>information</b> described in the story, is it possible that Priya is working in the map room now?",Epistemic,,7
135,Training,T2,Library rooms,1.0,past perfect / present progressive or stative,N-E,Priya is doing research at the library right now. Priya's classmate knows she is in either the reading room or the map room but has not found her yet.,"Based on the <b>information</b> described in the story, is it possible that Priya is working in the map room now?",Epistemic,,8
136,Training,T3,Community center,0.0,past perfect / present progressive or stative,E-N,"The front desk knows Nora chose either swimming or climbing, but her activity was not recorded. Nora is at the community center right now.","According to the <b>rules or permissions</b> described in the story, is Nora permitted to swim?",Deontic,The story does not say,2
137,Training,T3,Community center,0.0,past perfect / present progressive or stative,N-E,"Nora is at the community center right now. The front desk knows Nora chose either swimming or climbing, but her activity was not recorded.","According to the <b>rules or permissions</b> described in the story, is Nora permitted to swim?",Deontic,The story does not say,3
138,Training,T3,Community center,1.0,future eventive,D-N,Nora's membership includes both the swimming pool and the climbing area. Nora is going to the community center this afternoon.,"According to the <b>rules or permissions</b> described in the story, is Nora permitted to use the pool this afternoon?",Deontic,The story does not say,4
139,Training,T3,Community center,1.0,future eventive,N-D,Nora is going to the community center this afternoon. Nora's membership includes both the swimming pool and the climbing area.,"According to the <b>rules or permissions</b> described in the story, is Nora permitted to use the pool this afternoon?",Deontic,The story does not say,5
140,Training,T3,Community center,0.0,future eventive,D-N,Nora's membership includes both the swimming pool and the climbing area. Nora is going to the community center this afternoon.,"Based on the <b>information</b> described in the story, is it possible that Nora will use the pool this afternoon?",Epistemic,,6
141,Training,T3,Community center,0.0,future eventive,N-D,Nora is going to the community center this afternoon. Nora's membership includes both the swimming pool and the climbing area.,"Based on the <b>information</b> described in the story, is it possible that Nora will use the pool this afternoon?",Epistemic,,7
142,Training,T3,Community center,1.0,past perfect / present progressive or stative,E-N,"The front desk knows Nora chose either swimming or climbing, but her activity was not recorded. Nora is at the community center right now.","Based on the <b>information</b> described in the story, is it possible that Nora is swimming now?",Epistemic,,8
143,Training,T3,Community center,1.0,past perfect / present progressive or stative,N-E,"Nora is at the community center right now. The front desk knows Nora chose either swimming or climbing, but her activity was not recorded.","Based on the <b>information</b> described in the story, is it possible that Nora is swimming now?",Epistemic,,1
144,Training,T4,Train,0.0,past perfect / present progressive or stative,E-N,Kai's friend knows he took either the 3:15 train or the 4:00 train but has not heard which one. Kai traveled home earlier today.,"According to the <b>rules or permissions</b> described in the story, was Kai permitted to take the 4:00 train?",Deontic,The story does not say,3
145,Training,T4,Train,0.0,past perfect / present progressive or stative,N-E,Kai traveled home earlier today. Kai's friend knows he took either the 3:15 train or the 4:00 train but has not heard which one.,"According to the <b>rules or permissions</b> described in the story, was Kai permitted to take the 4:00 train?",Deontic,The story does not say,4
146,Training,T4,Train,1.0,future eventive,D-N,Kai's flexible ticket is valid on both the 3:15 train and the 4:00 train. Kai is traveling home tomorrow.,"According to the <b>rules or permissions</b> described in the story, is Kai permitted to take the 4:00 train tomorrow?",Deontic,The story does not say,5
147,Training,T4,Train,1.0,future eventive,N-D,Kai is traveling home tomorrow. Kai's flexible ticket is valid on both the 3:15 train and the 4:00 train.,"According to the <b>rules or permissions</b> described in the story, is Kai permitted to take the 4:00 train tomorrow?",Deontic,The story does not say,6
148,Training,T4,Train,0.0,future eventive,D-N,Kai's flexible ticket is valid on both the 3:15 train and the 4:00 train. Kai is traveling home tomorrow.,"Based on the <b>information</b> described in the story, is it possible that Kai will take the 4:00 train tomorrow?",Epistemic,,7
149,Training,T4,Train,0.0,future eventive,N-D,Kai is traveling home tomorrow. Kai's flexible ticket is valid on both the 3:15 train and the 4:00 train.,"Based on the <b>information</b> described in the story, is it possible that Kai will take the 4:00 train tomorrow?",Epistemic,,8
150,Training,T4,Train,1.0,past perfect / present progressive or stative,E-N,Kai's friend knows he took either the 3:15 train or the 4:00 train but has not heard which one. Kai traveled home earlier today.,"Based on the <b>information</b> described in the story, is it possible that Kai took the 4:00 train?",Epistemic,,1
151,Training,T4,Train,1.0,past perfect / present progressive or stative,N-E,Kai traveled home earlier today. Kai's friend knows he took either the 3:15 train or the 4:00 train but has not heard which one.,"Based on the <b>information</b> described in the story, is it possible that Kai took the 4:00 train?",Epistemic,,2
152,Training,T5,Parking,0.0,past perfect / present progressive or stative,E-N,"Omar's friends know his car is in either the north lot or the west lot, but they have not located it yet. Omar drove to a concert earlier today.","According to the <b>rules or permissions</b> described in the story, was Omar permitted to park in the west lot?",Deontic,The story does not say,4
153,Training,T5,Parking,0.0,past perfect / present progressive or stative,N-E,"Omar drove to a concert earlier today. Omar's friends know his car is in either the north lot or the west lot, but they have not located it yet.","According to the <b>rules or permissions</b> described in the story, was Omar permitted to park in the west lot?",Deontic,The story does not say,5
154,Training,T5,Parking,1.0,future eventive,D-N,Omar's parking sticker covers both the north lot and the west lot. Omar is driving to a concert tomorrow.,"According to the <b>rules or permissions</b> described in the story, is Omar permitted to park in the west lot tomorrow?",Deontic,The story does not say,6
155,Training,T5,Parking,1.0,future eventive,N-D,Omar is driving to a concert tomorrow. Omar's parking sticker covers both the north lot and the west lot.,"According to the <b>rules or permissions</b> described in the story, is Omar permitted to park in the west lot tomorrow?",Deontic,The story does not say,7
156,Training,T5,Parking,0.0,future eventive,D-N,Omar's parking sticker covers both the north lot and the west lot. Omar is driving to a concert tomorrow.,"Based on the <b>information</b> described in the story, is it possible that Omar will park in the west lot tomorrow?",Epistemic,,8
157,Training,T5,Parking,0.0,future eventive,N-D,Omar is driving to a concert tomorrow. Omar's parking sticker covers both the north lot and the west lot.,"Based on the <b>information</b> described in the story, is it possible that Omar will park in the west lot tomorrow?",Epistemic,,1
158,Training,T5,Parking,1.0,past perfect / present progressive or stative,E-N,"Omar's friends know his car is in either the north lot or the west lot, but they have not located it yet. Omar drove to a concert earlier today.","Based on the <b>information</b> described in the story, is it possible that Omar is parked in the west lot now?",Epistemic,,2
159,Training,T5,Parking,1.0,past perfect / present progressive or stative,N-E,"Omar drove to a concert earlier today. Omar's friends know his car is in either the north lot or the west lot, but they have not located it yet.","Based on the <b>information</b> described in the story, is it possible that Omar is parked in the west lot now?",Epistemic,,3
160,Training,T6,Theater,0.0,past perfect / present progressive or stative,E-N,Maya's friends know her seat is either on the main floor or in the balcony but cannot see her from where they are sitting. Maya is watching a play right now with her drama club.,"According to the <b>rules or permissions</b> described in the story, is Maya permitted to sit in the balcony?",Deontic,The story does not say,5
161,Training,T6,Theater,0.0,past perfect / present progressive or stative,N-E,Maya is watching a play right now with her drama club. Maya's friends know her seat is either on the main floor or in the balcony but cannot see her from where they are sitting.,"According to the <b>rules or permissions</b> described in the story, is Maya permitted to sit in the balcony?",Deontic,The story does not say,6
162,Training,T6,Theater,1.0,future eventive,D-N,Maya's silver ticket is accepted in either the main-floor section or the balcony. Maya is going to a play tonight with her drama club.,"According to the <b>rules or permissions</b> described in the story, is Maya permitted to sit in the balcony tonight?",Deontic,The story does not say,7
163,Training,T6,Theater,1.0,future eventive,N-D,Maya is going to a play tonight with her drama club. Maya's silver ticket is accepted in either the main-floor section or the balcony.,"According to the <b>rules or permissions</b> described in the story, is Maya permitted to sit in the balcony tonight?",Deontic,The story does not say,8
164,Training,T6,Theater,0.0,future eventive,D-N,Maya's silver ticket is accepted in either the main-floor section or the balcony. Maya is going to a play tonight with her drama club.,"Based on the <b>information</b> described in the story, is it possible that Maya will sit in the balcony tonight?",Epistemic,,1
165,Training,T6,Theater,0.0,future eventive,N-D,Maya is going to a play tonight with her drama club. Maya's silver ticket is accepted in either the main-floor section or the balcony.,"Based on the <b>information</b> described in the story, is it possible that Maya will sit in the balcony tonight?",Epistemic,,2
166,Training,T6,Theater,1.0,past perfect / present progressive or stative,E-N,Maya's friends know her seat is either on the main floor or in the balcony but cannot see her from where they are sitting. Maya is watching a play right now with her drama club.,"Based on the <b>information</b> described in the story, is it possible that Maya is sitting in the balcony now?",Epistemic,,3
167,Training,T6,Theater,1.0,past perfect / present progressive or stative,N-E,Maya is watching a play right now with her drama club. Maya's friends know her seat is either on the main floor or in the balcony but cannot see her from where they are sitting.,"Based on the <b>information</b> described in the story, is it possible that Maya is sitting in the balcony now?",Epistemic,,4
168,Training,T7,Art studio,0.0,past perfect / present progressive or stative,E-N,The instructor knows Eli spent the second half of class either in the ceramics studio or in the print room but does not remember which. Eli attended an art workshop this morning.,"According to the <b>rules or permissions</b> described in the story, was Eli permitted to work in the print room?",Deontic,The story does not say,6
169,Training,T7,Art studio,0.0,past perfect / present progressive or stative,N-E,Eli attended an art workshop this morning. The instructor knows Eli spent the second half of class either in the ceramics studio or in the print room but does not remember which.,"According to the <b>rules or permissions</b> described in the story, was Eli permitted to work in the print room?",Deontic,The story does not say,7
170,Training,T7,Art studio,1.0,future eventive,D-N,"Eli completed the advanced course last month, which qualifies him to use both the ceramics studio and the print room. Eli is taking an art workshop tomorrow.","According to the <b>rules or permissions</b> described in the story, is Eli permitted to use the print room tomorrow?",Deontic,The story does not say,8
171,Training,T7,Art studio,1.0,future eventive,N-D,"Eli is taking an art workshop tomorrow. Eli completed the advanced course last month, which qualifies him to use both the ceramics studio and the print room.","According to the <b>rules or permissions</b> described in the story, is Eli permitted to use the print room tomorrow?",Deontic,The story does not say,1
172,Training,T7,Art studio,0.0,future eventive,D-N,"Eli completed the advanced course last month, which qualifies him to use both the ceramics studio and the print room. Eli is taking an art workshop tomorrow.","Based on the <b>information</b> described in the story, is it possible that Eli will use the print room tomorrow?",Epistemic,,2
173,Training,T7,Art studio,0.0,future eventive,N-D,"Eli is taking an art workshop tomorrow. Eli completed the advanced course last month, which qualifies him to use both the ceramics studio and the print room.","Based on the <b>information</b> described in the story, is it possible that Eli will use the print room tomorrow?",Epistemic,,3
174,Training,T7,Art studio,1.0,past perfect / present progressive or stative,E-N,The instructor knows Eli spent the second half of class either in the ceramics studio or in the print room but does not remember which. Eli attended an art workshop this morning.,"Based on the <b>information</b> described in the story, is it possible that Eli worked in the print room this morning?",Epistemic,,4
175,Training,T7,Art studio,1.0,past perfect / present progressive or stative,N-E,Eli attended an art workshop this morning. The instructor knows Eli spent the second half of class either in the ceramics studio or in the print room but does not remember which.,"Based on the <b>information</b> described in the story, is it possible that Eli worked in the print room this morning?",Epistemic,,5
176,Training,T8,Ferry,0.0,past perfect / present progressive or stative,E-N,"Sofia's family knows she chose either the lower deck or the upper deck, but they have not found her yet. Sofia is on the ferry right now.","According to the <b>rules or permissions</b> described in the story, is Sofia permitted to sit on the upper deck?",Deontic,The story does not say,7
177,Training,T8,Ferry,0.0,past perfect / present progressive or stative,N-E,"Sofia is on the ferry right now. Sofia's family knows she chose either the lower deck or the upper deck, but they have not found her yet.","According to the <b>rules or permissions</b> described in the story, is Sofia permitted to sit on the upper deck?",Deontic,The story does not say,8
178,Training,T8,Ferry,1.0,future eventive,D-N,"Sofia's ticket is marked “all decks,” including both the lower and upper decks. Sofia is taking a ferry tomorrow for a family trip.","According to the <b>rules or permissions</b> described in the story, is Sofia permitted to sit on the upper deck tomorrow?",Deontic,The story does not say,1
179,Training,T8,Ferry,1.0,future eventive,N-D,"Sofia is taking a ferry tomorrow for a family trip. Sofia's ticket is marked “all decks,” including both the lower and upper decks.","According to the <b>rules or permissions</b> described in the story, is Sofia permitted to sit on the upper deck tomorrow?",Deontic,The story does not say,2
180,Training,T8,Ferry,0.0,future eventive,D-N,"Sofia's ticket is marked “all decks,” including both the lower and upper decks. Sofia is taking a ferry tomorrow for a family trip.","Based on the <b>information</b> described in the story, is it possible that Sofia will sit on the upper deck tomorrow?",Epistemic,,3
181,Training,T8,Ferry,0.0,future eventive,N-D,"Sofia is taking a ferry tomorrow for a family trip. Sofia's ticket is marked “all decks,” including both the lower and upper decks.","Based on the <b>information</b> described in the story, is it possible that Sofia will sit on the upper deck tomorrow?",Epistemic,,4
182,Training,T8,Ferry,1.0,past perfect / present progressive or stative,E-N,"Sofia's family knows she chose either the lower deck or the upper deck, but they have not found her yet. Sofia is on the ferry right now.","Based on the <b>information</b> described in the story, is it possible that Sofia is sitting on the upper deck now?",Epistemic,,5
183,Training,T8,Ferry,1.0,past perfect / present progressive or stative,N-E,"Sofia is on the ferry right now. Sofia's family knows she chose either the lower deck or the upper deck, but they have not found her yet.","Based on the <b>information</b> described in the story, is it possible that Sofia is sitting on the upper deck now?",Epistemic,,6
184,Training,T9,Festival gate,0.0,past perfect / present progressive or stative,E-N,"Mateo's friends know he entered through either the north gate or the south gate, but no one saw him arrive. Mateo arrived at a music festival earlier tonight.","According to the <b>rules or permissions</b> described in the story, was Mateo permitted to enter through the south gate?",Deontic,The story does not say,8
185,Training,T9,Festival gate,0.0,past perfect / present progressive or stative,N-E,"Mateo arrived at a music festival earlier tonight. Mateo's friends know he entered through either the north gate or the south gate, but no one saw him arrive.","According to the <b>rules or permissions</b> described in the story, was Mateo permitted to enter through the south gate?",Deontic,The story does not say,1
186,Training,T9,Festival gate,1.0,future eventive,D-N,Mateo's staff wristband is valid at both the north gate and the south gate. Mateo is going to a music festival tonight.,"According to the <b>rules or permissions</b> described in the story, is Mateo permitted to enter through the south gate tonight?",Deontic,The story does not say,2
187,Training,T9,Festival gate,1.0,future eventive,N-D,Mateo is going to a music festival tonight. Mateo's staff wristband is valid at both the north gate and the south gate.,"According to the <b>rules or permissions</b> described in the story, is Mateo permitted to enter through the south gate tonight?",Deontic,The story does not say,3
188,Training,T9,Festival gate,0.0,future eventive,D-N,Mateo's staff wristband is valid at both the north gate and the south gate. Mateo is going to a music festival tonight.,"Based on the <b>information</b> described in the story, is it possible that Mateo will enter through the south gate tonight?",Epistemic,,4
189,Training,T9,Festival gate,0.0,future eventive,N-D,Mateo is going to a music festival tonight. Mateo's staff wristband is valid at both the north gate and the south gate.,"Based on the <b>information</b> described in the story, is it possible that Mateo will enter through the south gate tonight?",Epistemic,,5
190,Training,T9,Festival gate,1.0,past perfect / present progressive or stative,E-N,"Mateo's friends know he entered through either the north gate or the south gate, but no one saw him arrive. Mateo arrived at a music festival earlier tonight.","Based on the <b>information</b> described in the story, is it possible that Mateo entered through the south gate?",Epistemic,,6
191,Training,T9,Festival gate,1.0,past perfect / present progressive or stative,N-E,"Mateo arrived at a music festival earlier tonight. Mateo's friends know he entered through either the north gate or the south gate, but no one saw him arrive.","Based on the <b>information</b> described in the story, is it possible that Mateo entered through the south gate?",Epistemic,,7
