,practice_id,context,whole_scenario_response,whole_scenario_question,whole_scenario_deontic_reading,whole_scenario_epistemic_reading,expected_preference,group,left_interpretation,right_interpretation,scale_order
0,P1,"Ava is volunteering at a community garden. The garden rules say that volunteers with green badges can use the greenhouse, and Ava has a green badge.",The garden rules allow Ava to use the greenhouse.,Which interpretation better matches what the speaker is talking about?,About whether Ava using the greenhouse is allowed by the rules or permissions,About whether Ava using the greenhouse is consistent with the available information,1,1,About whether Ava using the greenhouse is allowed by the <span style='color:#C62828'>rules or permissions</span>,About whether Ava using the greenhouse is consistent with the <span style='color:#1565C0'>available information</span>,deontic-epistemic
1,P2,"Leo is visiting a community theater. Only theater staff are permitted backstage, and Leo has a visitor pass. During intermission, his friends lose track of him and nobody is watching the backstage hallway.",Nobody knows whether Leo went backstage.,Which interpretation better matches what the speaker is talking about?,About whether Leo going backstage earlier was allowed by the rules or permissions,About whether Leo going backstage earlier is consistent with the available information,5,1,About whether Leo going backstage earlier was allowed by the <span style='color:#C62828'>rules or permissions</span>,About whether Leo going backstage earlier is consistent with the <span style='color:#1565C0'>available information</span>,deontic-epistemic
2,P3,Rosa belongs to a sports club whose rules permit her to use Court 2 this afternoon. Her coworker sees that Rosa is in their office building.,Rosa is a beginner tennis player.,Which interpretation better matches what the speaker is talking about?,About whether Rosa being at Court 2 now is allowed by the rules or permissions,About whether Rosa being at Court 2 now is consistent with the available information,Neither interpretation works here,1,About whether Rosa being at Court 2 now is allowed by the <span style='color:#C62828'>rules or permissions</span>,About whether Rosa being at Court 2 now is consistent with the <span style='color:#1565C0'>available information</span>,deontic-epistemic
0,P1,"Ava is volunteering at a community garden. The garden rules say that volunteers with green badges can use the greenhouse, and Ava has a green badge.",The garden rules allow Ava to use the greenhouse.,Which interpretation better matches what the speaker is talking about?,About whether Ava using the greenhouse is allowed by the rules or permissions,About whether Ava using the greenhouse is consistent with the available information,1,2,About whether Ava using the greenhouse is allowed by the <span style='color:#C62828'>rules or permissions</span>,About whether Ava using the greenhouse is consistent with the <span style='color:#1565C0'>available information</span>,deontic-epistemic
1,P2,"Leo is visiting a community theater. Only theater staff are permitted backstage, and Leo has a visitor pass. During intermission, his friends lose track of him and nobody is watching the backstage hallway.",Nobody knows whether Leo went backstage.,Which interpretation better matches what the speaker is talking about?,About whether Leo going backstage earlier was allowed by the rules or permissions,About whether Leo going backstage earlier is consistent with the available information,5,2,About whether Leo going backstage earlier was allowed by the <span style='color:#C62828'>rules or permissions</span>,About whether Leo going backstage earlier is consistent with the <span style='color:#1565C0'>available information</span>,deontic-epistemic
2,P3,Rosa belongs to a sports club whose rules permit her to use Court 2 this afternoon. Her coworker sees that Rosa is in their office building.,Rosa is a beginner tennis player.,Which interpretation better matches what the speaker is talking about?,About whether Rosa being at Court 2 now is allowed by the rules or permissions,About whether Rosa being at Court 2 now is consistent with the available information,Neither interpretation works here,2,About whether Rosa being at Court 2 now is allowed by the <span style='color:#C62828'>rules or permissions</span>,About whether Rosa being at Court 2 now is consistent with the <span style='color:#1565C0'>available information</span>,deontic-epistemic
0,P1,"Ava is volunteering at a community garden. The garden rules say that volunteers with green badges can use the greenhouse, and Ava has a green badge.",The garden rules allow Ava to use the greenhouse.,Which interpretation better matches what the speaker is talking about?,About whether Ava using the greenhouse is allowed by the rules or permissions,About whether Ava using the greenhouse is consistent with the available information,1,3,About whether Ava using the greenhouse is allowed by the <span style='color:#C62828'>rules or permissions</span>,About whether Ava using the greenhouse is consistent with the <span style='color:#1565C0'>available information</span>,deontic-epistemic
1,P2,"Leo is visiting a community theater. Only theater staff are permitted backstage, and Leo has a visitor pass. During intermission, his friends lose track of him and nobody is watching the backstage hallway.",Nobody knows whether Leo went backstage.,Which interpretation better matches what the speaker is talking about?,About whether Leo going backstage earlier was allowed by the rules or permissions,About whether Leo going backstage earlier is consistent with the available information,5,3,About whether Leo going backstage earlier was allowed by the <span style='color:#C62828'>rules or permissions</span>,About whether Leo going backstage earlier is consistent with the <span style='color:#1565C0'>available information</span>,deontic-epistemic
2,P3,Rosa belongs to a sports club whose rules permit her to use Court 2 this afternoon. Her coworker sees that Rosa is in their office building.,Rosa is a beginner tennis player.,Which interpretation better matches what the speaker is talking about?,About whether Rosa being at Court 2 now is allowed by the rules or permissions,About whether Rosa being at Court 2 now is consistent with the available information,Neither interpretation works here,3,About whether Rosa being at Court 2 now is allowed by the <span style='color:#C62828'>rules or permissions</span>,About whether Rosa being at Court 2 now is consistent with the <span style='color:#1565C0'>available information</span>,deontic-epistemic
0,P1,"Ava is volunteering at a community garden. The garden rules say that volunteers with green badges can use the greenhouse, and Ava has a green badge.",The garden rules allow Ava to use the greenhouse.,Which interpretation better matches what the speaker is talking about?,About whether Ava using the greenhouse is allowed by the rules or permissions,About whether Ava using the greenhouse is consistent with the available information,1,4,About whether Ava using the greenhouse is allowed by the <span style='color:#C62828'>rules or permissions</span>,About whether Ava using the greenhouse is consistent with the <span style='color:#1565C0'>available information</span>,deontic-epistemic
1,P2,"Leo is visiting a community theater. Only theater staff are permitted backstage, and Leo has a visitor pass. During intermission, his friends lose track of him and nobody is watching the backstage hallway.",Nobody knows whether Leo went backstage.,Which interpretation better matches what the speaker is talking about?,About whether Leo going backstage earlier was allowed by the rules or permissions,About whether Leo going backstage earlier is consistent with the available information,5,4,About whether Leo going backstage earlier was allowed by the <span style='color:#C62828'>rules or permissions</span>,About whether Leo going backstage earlier is consistent with the <span style='color:#1565C0'>available information</span>,deontic-epistemic
2,P3,Rosa belongs to a sports club whose rules permit her to use Court 2 this afternoon. Her coworker sees that Rosa is in their office building.,Rosa is a beginner tennis player.,Which interpretation better matches what the speaker is talking about?,About whether Rosa being at Court 2 now is allowed by the rules or permissions,About whether Rosa being at Court 2 now is consistent with the available information,Neither interpretation works here,4,About whether Rosa being at Court 2 now is allowed by the <span style='color:#C62828'>rules or permissions</span>,About whether Rosa being at Court 2 now is consistent with the <span style='color:#1565C0'>available information</span>,deontic-epistemic
0,P1,"Ava is volunteering at a community garden. The garden rules say that volunteers with green badges can use the greenhouse, and Ava has a green badge.",The garden rules allow Ava to use the greenhouse.,Which interpretation better matches what the speaker is talking about?,About whether Ava using the greenhouse is allowed by the rules or permissions,About whether Ava using the greenhouse is consistent with the available information,5,5,About whether Ava using the greenhouse is consistent with the <span style='color:#C62828'>available information</span>,About whether Ava using the greenhouse is allowed by the <span style='color:#1565C0'>rules or permissions</span>,epistemic-deontic
1,P2,"Leo is visiting a community theater. Only theater staff are permitted backstage, and Leo has a visitor pass. During intermission, his friends lose track of him and nobody is watching the backstage hallway.",Nobody knows whether Leo went backstage.,Which interpretation better matches what the speaker is talking about?,About whether Leo going backstage earlier was allowed by the rules or permissions,About whether Leo going backstage earlier is consistent with the available information,1,5,About whether Leo going backstage earlier is consistent with the <span style='color:#C62828'>available information</span>,About whether Leo going backstage earlier was allowed by the <span style='color:#1565C0'>rules or permissions</span>,epistemic-deontic
2,P3,Rosa belongs to a sports club whose rules permit her to use Court 2 this afternoon. Her coworker sees that Rosa is in their office building.,Rosa is a beginner tennis player.,Which interpretation better matches what the speaker is talking about?,About whether Rosa being at Court 2 now is allowed by the rules or permissions,About whether Rosa being at Court 2 now is consistent with the available information,Neither interpretation works here,5,About whether Rosa being at Court 2 now is consistent with the <span style='color:#C62828'>available information</span>,About whether Rosa being at Court 2 now is allowed by the <span style='color:#1565C0'>rules or permissions</span>,epistemic-deontic
0,P1,"Ava is volunteering at a community garden. The garden rules say that volunteers with green badges can use the greenhouse, and Ava has a green badge.",The garden rules allow Ava to use the greenhouse.,Which interpretation better matches what the speaker is talking about?,About whether Ava using the greenhouse is allowed by the rules or permissions,About whether Ava using the greenhouse is consistent with the available information,5,6,About whether Ava using the greenhouse is consistent with the <span style='color:#C62828'>available information</span>,About whether Ava using the greenhouse is allowed by the <span style='color:#1565C0'>rules or permissions</span>,epistemic-deontic
1,P2,"Leo is visiting a community theater. Only theater staff are permitted backstage, and Leo has a visitor pass. During intermission, his friends lose track of him and nobody is watching the backstage hallway.",Nobody knows whether Leo went backstage.,Which interpretation better matches what the speaker is talking about?,About whether Leo going backstage earlier was allowed by the rules or permissions,About whether Leo going backstage earlier is consistent with the available information,1,6,About whether Leo going backstage earlier is consistent with the <span style='color:#C62828'>available information</span>,About whether Leo going backstage earlier was allowed by the <span style='color:#1565C0'>rules or permissions</span>,epistemic-deontic
2,P3,Rosa belongs to a sports club whose rules permit her to use Court 2 this afternoon. Her coworker sees that Rosa is in their office building.,Rosa is a beginner tennis player.,Which interpretation better matches what the speaker is talking about?,About whether Rosa being at Court 2 now is allowed by the rules or permissions,About whether Rosa being at Court 2 now is consistent with the available information,Neither interpretation works here,6,About whether Rosa being at Court 2 now is consistent with the <span style='color:#C62828'>available information</span>,About whether Rosa being at Court 2 now is allowed by the <span style='color:#1565C0'>rules or permissions</span>,epistemic-deontic
0,P1,"Ava is volunteering at a community garden. The garden rules say that volunteers with green badges can use the greenhouse, and Ava has a green badge.",The garden rules allow Ava to use the greenhouse.,Which interpretation better matches what the speaker is talking about?,About whether Ava using the greenhouse is allowed by the rules or permissions,About whether Ava using the greenhouse is consistent with the available information,5,7,About whether Ava using the greenhouse is consistent with the <span style='color:#C62828'>available information</span>,About whether Ava using the greenhouse is allowed by the <span style='color:#1565C0'>rules or permissions</span>,epistemic-deontic
1,P2,"Leo is visiting a community theater. Only theater staff are permitted backstage, and Leo has a visitor pass. During intermission, his friends lose track of him and nobody is watching the backstage hallway.",Nobody knows whether Leo went backstage.,Which interpretation better matches what the speaker is talking about?,About whether Leo going backstage earlier was allowed by the rules or permissions,About whether Leo going backstage earlier is consistent with the available information,1,7,About whether Leo going backstage earlier is consistent with the <span style='color:#C62828'>available information</span>,About whether Leo going backstage earlier was allowed by the <span style='color:#1565C0'>rules or permissions</span>,epistemic-deontic
2,P3,Rosa belongs to a sports club whose rules permit her to use Court 2 this afternoon. Her coworker sees that Rosa is in their office building.,Rosa is a beginner tennis player.,Which interpretation better matches what the speaker is talking about?,About whether Rosa being at Court 2 now is allowed by the rules or permissions,About whether Rosa being at Court 2 now is consistent with the available information,Neither interpretation works here,7,About whether Rosa being at Court 2 now is consistent with the <span style='color:#C62828'>available information</span>,About whether Rosa being at Court 2 now is allowed by the <span style='color:#1565C0'>rules or permissions</span>,epistemic-deontic
0,P1,"Ava is volunteering at a community garden. The garden rules say that volunteers with green badges can use the greenhouse, and Ava has a green badge.",The garden rules allow Ava to use the greenhouse.,Which interpretation better matches what the speaker is talking about?,About whether Ava using the greenhouse is allowed by the rules or permissions,About whether Ava using the greenhouse is consistent with the available information,5,8,About whether Ava using the greenhouse is consistent with the <span style='color:#C62828'>available information</span>,About whether Ava using the greenhouse is allowed by the <span style='color:#1565C0'>rules or permissions</span>,epistemic-deontic
1,P2,"Leo is visiting a community theater. Only theater staff are permitted backstage, and Leo has a visitor pass. During intermission, his friends lose track of him and nobody is watching the backstage hallway.",Nobody knows whether Leo went backstage.,Which interpretation better matches what the speaker is talking about?,About whether Leo going backstage earlier was allowed by the rules or permissions,About whether Leo going backstage earlier is consistent with the available information,1,8,About whether Leo going backstage earlier is consistent with the <span style='color:#C62828'>available information</span>,About whether Leo going backstage earlier was allowed by the <span style='color:#1565C0'>rules or permissions</span>,epistemic-deontic
2,P3,Rosa belongs to a sports club whose rules permit her to use Court 2 this afternoon. Her coworker sees that Rosa is in their office building.,Rosa is a beginner tennis player.,Which interpretation better matches what the speaker is talking about?,About whether Rosa being at Court 2 now is allowed by the rules or permissions,About whether Rosa being at Court 2 now is consistent with the available information,Neither interpretation works here,8,About whether Rosa being at Court 2 now is consistent with the <span style='color:#C62828'>available information</span>,About whether Rosa being at Court 2 now is allowed by the <span style='color:#1565C0'>rules or permissions</span>,epistemic-deontic
