phase,item_id,domain,direction_or_condition,D_status,E_status,temporal_orientation,order_pair_id,order_1,order_2,context_order_1,context_order_2,functional_auxiliary_target,lexical_adjective_target,whole_scenario_may_target,whole_scenario_possible_target,context_only_deontic_question,context_only_epistemic_question,whole_scenario_deontic_question,whole_scenario_epistemic_question,context_only_deontic_response_options,context_only_epistemic_response_options,whole_scenario_response_options,expected_context_D,expected_context_E,expected_test_response_or_interpretation,notes,training_flavor,syntax,expected_whole_scenario_deontic_interpretation,expected_whole_scenario_epistemic_interpretation
GENERAL NOTE,,,,,,,,,,,,,,,,,,,,,,,,,,DAX is the functional auxiliary nonce form and MIP is the lexical-adjective nonce form in this draft. Counterbalance nonce forms across morphosyntactic conditions in the final experiment.,,,,
GENERAL NOTE,,,,,,,,,,,,,,,,,,,,,,,,,,Context-only and whole-scenario norming must use the same context wording/order for a given item version. Whole-scenario norming differs only by appending the familiar-English target sentence.,,,,
GENERAL NOTE,,,,,,,,,,,,,,,,,,,,,,,,,,"For test/filler items, three order-pair types are balanced exactly: P1=N-E-D + E-D-N; P2=D-N-E + N-D-E; P3=E-N-D + D-E-N. Each pair occurs 8 times, and each of the six individual three-part orders therefore occurs 8 times.",,,,
GENERAL NOTE,,,,,,,,,,,,,,,,,,,,,,,,,,"For training items, each root/deontic candidate has N-D and D-N versions; each epistemic candidate has N-E and E-N versions. The untrained flavor is not made false during training.",,,,
GENERAL NOTE,,,,,,,,,,,,,,,,,,,,,,,,,,"Training candidate syntax is balanced 4/4/4 per flavor across Declarative, Wh-question, and Yes/no inversion. Critical test and filler targets remain declarative to keep the flavor-transfer judgment syntactically conservative. Norming practice/example trials should be declarative.",,,,
Training,T1,Museum entrance,,D+,E unspecified / not ruled out,future eventive,TR,N-D,D-N,Lina is visiting a history museum tomorrow for a class project. Lina has a green visitor badge that is valid at both the main entrance and the side entrance.,Lina has a green visitor badge that is valid at both the main entrance and the side entrance. Lina is visiting a history museum tomorrow for a class project.,Lina dax use the side entrance tomorrow.,It is mip for Lina to use the side entrance tomorrow.,Lina may use the side entrance tomorrow.,It is possible for Lina to use the side entrance tomorrow.,"According to the rules or permissions described in the story, is Lina permitted to use the side entrance tomorrow?","Based on the information in the story, could Lina use the side entrance tomorrow?",Is the speaker using this sentence to say that the relevant rules or permissions allow Lina to use the side entrance tomorrow?,Is the speaker using this sentence to say that the available information leaves open whether Lina will use the side entrance tomorrow?,Yes | No | The story does not say,Yes | No,Yes | No,D+,E should not be ruled out,,"Positive-only training candidate. Context-only and whole-scenario norming should use exactly the same context order. For inversion items, specifically norm whether the familiar-English modal question introduces an unwanted permission bias. Candidate syntax pool is balanced across Declarative, Wh-question, and Yes/no inversion. Norming practice/example trials should remain declarative so they teach the semantic judgment without demonstrating a preferred question construction.",Root/deontic,Declarative,Expected root/deontic interpretation,Expected non-epistemic interpretation
Training,T1,Museum entrance,,D unspecified,E+,past perfect / present progressive or stative,TE,N-E,E-N,"Lina visited a history museum this morning for a class project. Lina's classmate knows she entered through either the main entrance or the side entrance, but did not see which one.","Lina's classmate knows she entered through either the main entrance or the side entrance, but did not see which one. Lina visited a history museum this morning for a class project.",Lina dax have used the side entrance.,It is mip for Lina to have used the side entrance.,Lina may have used the side entrance.,It is possible for Lina to have used the side entrance.,"According to the rules or permissions described in the story, was Lina permitted to use the side entrance?","Based on the information in the story, could Lina have used the side entrance?",Is the speaker using this sentence to say that the relevant rules or permissions permitted Lina to use the side entrance?,Is the speaker using this sentence to say that the available information leaves open whether Lina used the side entrance?,Yes | No | The story does not say,Yes | No,Yes | No,D should be 'The story does not say',E+,,"Positive-only training candidate. Context-only and whole-scenario norming should use exactly the same context order. For inversion items, specifically norm whether the familiar-English modal question is compatible with an epistemic reading. Candidate syntax pool is balanced across Declarative, Wh-question, and Yes/no inversion. Norming practice/example trials should remain declarative so they teach the semantic judgment without demonstrating a preferred question construction.",Epistemic,Declarative,Expected non-deontic interpretation,Expected epistemic interpretation
Training,T2,Library rooms,,D+,E unspecified / not ruled out,future eventive,TR,N-D,D-N,Priya is doing research at the library tomorrow. Priya's researcher card lists both the reading room and the map room.,Priya's researcher card lists both the reading room and the map room. Priya is doing research at the library tomorrow.,Which room dax Priya work in tomorrow?,Which room is it mip for Priya to work in tomorrow?,Which room may Priya work in tomorrow?,Which room is it possible for Priya to work in tomorrow?,"According to the rules or permissions described in the story, is Priya permitted to work in the map room tomorrow?","Based on the information in the story, could Priya work in the map room tomorrow?",Is the speaker using this question to ask what the relevant rules or permissions allow Priya to do?,Is the speaker using this question to ask which possibility remains open based on the available information?,Yes | No | The story does not say,Yes | No,Yes | No,D+,E should not be ruled out,,"Positive-only training candidate. Context-only and whole-scenario norming should use exactly the same context order. For inversion items, specifically norm whether the familiar-English modal question introduces an unwanted permission bias. Candidate syntax pool is balanced across Declarative, Wh-question, and Yes/no inversion. Norming practice/example trials should remain declarative so they teach the semantic judgment without demonstrating a preferred question construction.",Root/deontic,Wh-question,Expected root/deontic interpretation,Expected non-epistemic interpretation
Training,T2,Library rooms,,D unspecified,E+,past perfect / present progressive or stative,TE,N-E,E-N,Priya is doing research at the library right now. Priya's classmate knows she is in either the reading room or the map room but has not found her yet.,Priya's classmate knows she is in either the reading room or the map room but has not found her yet. Priya is doing research at the library right now.,Which room dax Priya be working in now?,Which room is it mip for Priya to be working in now?,Which room may Priya be working in now?,Which room is it possible for Priya to be working in now?,"According to the rules or permissions described in the story, is Priya permitted to work in the map room?","Based on the information in the story, could Priya be working in the map room now?",Is the speaker using this question to ask what the relevant rules or permissions allow Priya to do?,Is the speaker using this question to ask which possibility remains open based on the available information?,Yes | No | The story does not say,Yes | No,Yes | No,D should be 'The story does not say',E+,,"Positive-only training candidate. Context-only and whole-scenario norming should use exactly the same context order. For inversion items, specifically norm whether the familiar-English modal question is compatible with an epistemic reading. Candidate syntax pool is balanced across Declarative, Wh-question, and Yes/no inversion. Norming practice/example trials should remain declarative so they teach the semantic judgment without demonstrating a preferred question construction.",Epistemic,Wh-question,Expected non-deontic interpretation,Expected epistemic interpretation
Training,T3,Community center,,D+,E unspecified / not ruled out,future eventive,TR,N-D,D-N,Nora is going to the community center this afternoon. Nora's membership includes both the swimming pool and the climbing area.,Nora's membership includes both the swimming pool and the climbing area. Nora is going to the community center this afternoon.,Nora dax use the pool this afternoon.,It is mip for Nora to use the pool this afternoon.,Nora may use the pool this afternoon.,It is possible for Nora to use the pool this afternoon.,"According to the rules or permissions described in the story, is Nora permitted to use the pool this afternoon?","Based on the information in the story, could Nora use the pool this afternoon?",Is the speaker using this sentence to say that the relevant rules or permissions allow Nora to use the pool this afternoon?,Is the speaker using this sentence to say that the available information leaves open whether Nora will use the pool this afternoon?,Yes | No | The story does not say,Yes | No,Yes | No,D+,E should not be ruled out,,"Positive-only training candidate. Context-only and whole-scenario norming should use exactly the same context order. For inversion items, specifically norm whether the familiar-English modal question introduces an unwanted permission bias. Candidate syntax pool is balanced across Declarative, Wh-question, and Yes/no inversion. Norming practice/example trials should remain declarative so they teach the semantic judgment without demonstrating a preferred question construction.",Root/deontic,Declarative,Expected root/deontic interpretation,Expected non-epistemic interpretation
Training,T3,Community center,,D unspecified,E+,past perfect / present progressive or stative,TE,N-E,E-N,"Nora is at the community center right now. The front desk knows Nora chose either swimming or climbing, but her activity was not recorded.","The front desk knows Nora chose either swimming or climbing, but her activity was not recorded. Nora is at the community center right now.",Nora dax be swimming now.,It is mip for Nora to be swimming now.,Nora may be swimming now.,It is possible for Nora to be swimming now.,"According to the rules or permissions described in the story, is Nora permitted to swim?","Based on the information in the story, could Nora be swimming now?",Is the speaker using this sentence to say that the relevant rules or permissions allow Nora to swim?,Is the speaker using this sentence to say that the available information leaves open whether Nora is swimming now?,Yes | No | The story does not say,Yes | No,Yes | No,D should be 'The story does not say',E+,,"Positive-only training candidate. Context-only and whole-scenario norming should use exactly the same context order. For inversion items, specifically norm whether the familiar-English modal question is compatible with an epistemic reading. Candidate syntax pool is balanced across Declarative, Wh-question, and Yes/no inversion. Norming practice/example trials should remain declarative so they teach the semantic judgment without demonstrating a preferred question construction.",Epistemic,Declarative,Expected non-deontic interpretation,Expected epistemic interpretation
Training,T4,Train,,D+,E unspecified / not ruled out,future eventive,TR,N-D,D-N,Kai is traveling home tomorrow. Kai's flexible ticket is valid on both the 3:15 train and the 4:00 train.,Kai's flexible ticket is valid on both the 3:15 train and the 4:00 train. Kai is traveling home tomorrow.,Which train dax Kai take tomorrow?,Which train is it mip for Kai to take tomorrow?,Which train may Kai take tomorrow?,Which train is it possible for Kai to take tomorrow?,"According to the rules or permissions described in the story, is Kai permitted to take the 4:00 train tomorrow?","Based on the information in the story, could Kai take the 4:00 train tomorrow?",Is the speaker using this question to ask what the relevant rules or permissions allow Kai to do?,Is the speaker using this question to ask which possibility remains open based on the available information?,Yes | No | The story does not say,Yes | No,Yes | No,D+,E should not be ruled out,,"Positive-only training candidate. Context-only and whole-scenario norming should use exactly the same context order. For inversion items, specifically norm whether the familiar-English modal question introduces an unwanted permission bias. Candidate syntax pool is balanced across Declarative, Wh-question, and Yes/no inversion. Norming practice/example trials should remain declarative so they teach the semantic judgment without demonstrating a preferred question construction.",Root/deontic,Wh-question,Expected root/deontic interpretation,Expected non-epistemic interpretation
Training,T4,Train,,D unspecified,E+,past perfect / present progressive or stative,TE,N-E,E-N,Kai traveled home earlier today. Kai's friend knows he took either the 3:15 train or the 4:00 train but has not heard which one.,Kai's friend knows he took either the 3:15 train or the 4:00 train but has not heard which one. Kai traveled home earlier today.,Which train dax Kai have taken?,Which train is it mip for Kai to have taken?,Which train may Kai have taken?,Which train is it possible for Kai to have taken?,"According to the rules or permissions described in the story, was Kai permitted to take the 4:00 train?","Based on the information in the story, could Kai have taken the 4:00 train?",Is the speaker using this question to ask what the relevant rules or permissions allow Kai to do?,Is the speaker using this question to ask which possibility remains open based on the available information?,Yes | No | The story does not say,Yes | No,Yes | No,D should be 'The story does not say',E+,,"Positive-only training candidate. Context-only and whole-scenario norming should use exactly the same context order. For inversion items, specifically norm whether the familiar-English modal question is compatible with an epistemic reading. Candidate syntax pool is balanced across Declarative, Wh-question, and Yes/no inversion. Norming practice/example trials should remain declarative so they teach the semantic judgment without demonstrating a preferred question construction.",Epistemic,Wh-question,Expected non-deontic interpretation,Expected epistemic interpretation
Training,T5,Parking,,D+,E unspecified / not ruled out,future eventive,TR,N-D,D-N,Omar is driving to a concert tomorrow. Omar's parking sticker covers both the north lot and the west lot.,Omar's parking sticker covers both the north lot and the west lot. Omar is driving to a concert tomorrow.,Dax Omar park in the west lot tomorrow? — Yes.,Is it mip for Omar to park in the west lot tomorrow? — Yes.,May Omar park in the west lot tomorrow? — Yes.,Is it possible for Omar to park in the west lot tomorrow? — Yes.,"According to the rules or permissions described in the story, is Omar permitted to park in the west lot tomorrow?","Based on the information in the story, could Omar park in the west lot tomorrow?",Is the speaker using this question to ask whether Omar is permitted to park in the west lot?,Is the speaker using this question to ask whether the available information leaves open that Omar is / will be parked in the west lot?,Yes | No | The story does not say,Yes | No,Yes | No,D+,E should not be ruled out,,"Positive-only training candidate. Context-only and whole-scenario norming should use exactly the same context order. For inversion items, specifically norm whether the familiar-English modal question introduces an unwanted permission bias. Candidate syntax pool is balanced across Declarative, Wh-question, and Yes/no inversion. Norming practice/example trials should remain declarative so they teach the semantic judgment without demonstrating a preferred question construction.",Root/deontic,Yes/no inversion,Expected root/deontic interpretation,Expected non-epistemic interpretation
Training,T5,Parking,,D unspecified,E+,past perfect / present progressive or stative,TE,N-E,E-N,"Omar drove to a concert earlier today. Omar's friends know his car is in either the north lot or the west lot, but they have not located it yet.","Omar's friends know his car is in either the north lot or the west lot, but they have not located it yet. Omar drove to a concert earlier today.",Dax Omar be parked in the west lot now? — Yes.,Is it mip for Omar to be parked in the west lot now? — Yes.,May Omar be parked in the west lot now? — Yes.,Is it possible for Omar to be parked in the west lot now? — Yes.,"According to the rules or permissions described in the story, was Omar permitted to park in the west lot?","Based on the information in the story, could Omar be parked in the west lot now?",Is the speaker using this question to ask whether Omar is permitted to park in the west lot?,Is the speaker using this question to ask whether the available information leaves open that Omar is / will be parked in the west lot?,Yes | No | The story does not say,Yes | No,Yes | No,D should be 'The story does not say',E+,,"Positive-only training candidate. Context-only and whole-scenario norming should use exactly the same context order. For inversion items, specifically norm whether the familiar-English modal question is compatible with an epistemic reading. Candidate syntax pool is balanced across Declarative, Wh-question, and Yes/no inversion. Norming practice/example trials should remain declarative so they teach the semantic judgment without demonstrating a preferred question construction.",Epistemic,Yes/no inversion,Expected non-deontic interpretation,Expected epistemic interpretation
Training,T6,Theater,,D+,E unspecified / not ruled out,future eventive,TR,N-D,D-N,Maya is going to a play tonight with her drama club. Maya's silver ticket is accepted in either the main-floor section or the balcony.,Maya's silver ticket is accepted in either the main-floor section or the balcony. Maya is going to a play tonight with her drama club.,Dax Maya sit in the balcony tonight? — Yes.,Is it mip for Maya to sit in the balcony tonight? — Yes.,May Maya sit in the balcony tonight? — Yes.,Is it possible for Maya to sit in the balcony tonight? — Yes.,"According to the rules or permissions described in the story, is Maya permitted to sit in the balcony tonight?","Based on the information in the story, could Maya sit in the balcony tonight?",Is the speaker using this question to ask whether Maya is permitted to sit in the balcony?,Is the speaker using this question to ask whether the available information leaves open that Maya is / will be sitting in the balcony?,Yes | No | The story does not say,Yes | No,Yes | No,D+,E should not be ruled out,,"Positive-only training candidate. Context-only and whole-scenario norming should use exactly the same context order. For inversion items, specifically norm whether the familiar-English modal question introduces an unwanted permission bias. Candidate syntax pool is balanced across Declarative, Wh-question, and Yes/no inversion. Norming practice/example trials should remain declarative so they teach the semantic judgment without demonstrating a preferred question construction.",Root/deontic,Yes/no inversion,Expected root/deontic interpretation,Expected non-epistemic interpretation
Training,T6,Theater,,D unspecified,E+,past perfect / present progressive or stative,TE,N-E,E-N,Maya is watching a play right now with her drama club. Maya's friends know her seat is either on the main floor or in the balcony but cannot see her from where they are sitting.,Maya's friends know her seat is either on the main floor or in the balcony but cannot see her from where they are sitting. Maya is watching a play right now with her drama club.,Dax Maya be sitting in the balcony now? — Yes.,Is it mip for Maya to be sitting in the balcony now? — Yes.,May Maya be sitting in the balcony now? — Yes.,Is it possible for Maya to be sitting in the balcony now? — Yes.,"According to the rules or permissions described in the story, is Maya permitted to sit in the balcony?","Based on the information in the story, could Maya be sitting in the balcony now?",Is the speaker using this question to ask whether Maya is permitted to sit in the balcony?,Is the speaker using this question to ask whether the available information leaves open that Maya is / will be sitting in the balcony?,Yes | No | The story does not say,Yes | No,Yes | No,D should be 'The story does not say',E+,,"Positive-only training candidate. Context-only and whole-scenario norming should use exactly the same context order. For inversion items, specifically norm whether the familiar-English modal question is compatible with an epistemic reading. Candidate syntax pool is balanced across Declarative, Wh-question, and Yes/no inversion. Norming practice/example trials should remain declarative so they teach the semantic judgment without demonstrating a preferred question construction.",Epistemic,Yes/no inversion,Expected non-deontic interpretation,Expected epistemic interpretation
Training,T7,Art studio,,D+,E unspecified / not ruled out,future eventive,TR,N-D,D-N,"Eli is taking an art workshop tomorrow. Eli completed the advanced course last month, which qualifies him to use both the ceramics studio and the print room.","Eli completed the advanced course last month, which qualifies him to use both the ceramics studio and the print room. Eli is taking an art workshop tomorrow.",Eli dax use the print room tomorrow.,It is mip for Eli to use the print room tomorrow.,Eli may use the print room tomorrow.,It is possible for Eli to use the print room tomorrow.,"According to the rules or permissions described in the story, is Eli permitted to use the print room tomorrow?","Based on the information in the story, could Eli use the print room tomorrow?",Is the speaker using this sentence to say that the relevant rules or permissions allow Eli to use the print room tomorrow?,Is the speaker using this sentence to say that the available information leaves open whether Eli will use the print room tomorrow?,Yes | No | The story does not say,Yes | No,Yes | No,D+,E should not be ruled out,,"Positive-only training candidate. Context-only and whole-scenario norming should use exactly the same context order. For inversion items, specifically norm whether the familiar-English modal question introduces an unwanted permission bias. Candidate syntax pool is balanced across Declarative, Wh-question, and Yes/no inversion. Norming practice/example trials should remain declarative so they teach the semantic judgment without demonstrating a preferred question construction.",Root/deontic,Declarative,Expected root/deontic interpretation,Expected non-epistemic interpretation
Training,T7,Art studio,,D unspecified,E+,past perfect / present progressive or stative,TE,N-E,E-N,Eli attended an art workshop this morning. The instructor knows Eli spent the second half of class either in the ceramics studio or in the print room but does not remember which.,The instructor knows Eli spent the second half of class either in the ceramics studio or in the print room but does not remember which. Eli attended an art workshop this morning.,Eli dax have worked in the print room this morning.,It is mip for Eli to have worked in the print room this morning.,Eli may have worked in the print room this morning.,It is possible for Eli to have worked in the print room this morning.,"According to the rules or permissions described in the story, was Eli permitted to work in the print room?","Based on the information in the story, could Eli have worked in the print room this morning?",Is the speaker using this sentence to say that the relevant rules or permissions permitted Eli to work in the print room?,Is the speaker using this sentence to say that the available information leaves open whether Eli worked in the print room this morning?,Yes | No | The story does not say,Yes | No,Yes | No,D should be 'The story does not say',E+,,"Positive-only training candidate. Context-only and whole-scenario norming should use exactly the same context order. For inversion items, specifically norm whether the familiar-English modal question is compatible with an epistemic reading. Candidate syntax pool is balanced across Declarative, Wh-question, and Yes/no inversion. Norming practice/example trials should remain declarative so they teach the semantic judgment without demonstrating a preferred question construction.",Epistemic,Declarative,Expected non-deontic interpretation,Expected epistemic interpretation
Training,T8,Ferry,,D+,E unspecified / not ruled out,future eventive,TR,N-D,D-N,"Sofia is taking a ferry tomorrow for a family trip. Sofia's ticket is marked “all decks,” including both the lower and upper decks.","Sofia's ticket is marked “all decks,” including both the lower and upper decks. Sofia is taking a ferry tomorrow for a family trip.",Which deck dax Sofia sit on tomorrow?,Which deck is it mip for Sofia to sit on tomorrow?,Which deck may Sofia sit on tomorrow?,Which deck is it possible for Sofia to sit on tomorrow?,"According to the rules or permissions described in the story, is Sofia permitted to sit on the upper deck tomorrow?","Based on the information in the story, could Sofia sit on the upper deck tomorrow?",Is the speaker using this question to ask what the relevant rules or permissions allow Sofia to do?,Is the speaker using this question to ask which possibility remains open based on the available information?,Yes | No | The story does not say,Yes | No,Yes | No,D+,E should not be ruled out,,"Positive-only training candidate. Context-only and whole-scenario norming should use exactly the same context order. For inversion items, specifically norm whether the familiar-English modal question introduces an unwanted permission bias. Candidate syntax pool is balanced across Declarative, Wh-question, and Yes/no inversion. Norming practice/example trials should remain declarative so they teach the semantic judgment without demonstrating a preferred question construction.",Root/deontic,Wh-question,Expected root/deontic interpretation,Expected non-epistemic interpretation
Training,T8,Ferry,,D unspecified,E+,past perfect / present progressive or stative,TE,N-E,E-N,"Sofia is on the ferry right now. Sofia's family knows she chose either the lower deck or the upper deck, but they have not found her yet.","Sofia's family knows she chose either the lower deck or the upper deck, but they have not found her yet. Sofia is on the ferry right now.",Which deck dax Sofia be sitting on now?,Which deck is it mip for Sofia to be sitting on now?,Which deck may Sofia be sitting on now?,Which deck is it possible for Sofia to be sitting on now?,"According to the rules or permissions described in the story, is Sofia permitted to sit on the upper deck?","Based on the information in the story, could Sofia be sitting on the upper deck now?",Is the speaker using this question to ask what the relevant rules or permissions allow Sofia to do?,Is the speaker using this question to ask which possibility remains open based on the available information?,Yes | No | The story does not say,Yes | No,Yes | No,D should be 'The story does not say',E+,,"Positive-only training candidate. Context-only and whole-scenario norming should use exactly the same context order. For inversion items, specifically norm whether the familiar-English modal question is compatible with an epistemic reading. Candidate syntax pool is balanced across Declarative, Wh-question, and Yes/no inversion. Norming practice/example trials should remain declarative so they teach the semantic judgment without demonstrating a preferred question construction.",Epistemic,Wh-question,Expected non-deontic interpretation,Expected epistemic interpretation
Training,T9,Festival gate,,D+,E unspecified / not ruled out,future eventive,TR,N-D,D-N,Mateo is going to a music festival tonight. Mateo's staff wristband is valid at both the north gate and the south gate.,Mateo's staff wristband is valid at both the north gate and the south gate. Mateo is going to a music festival tonight.,Dax Mateo enter through the south gate tonight? — Yes.,Is it mip for Mateo to enter through the south gate tonight? — Yes.,May Mateo enter through the south gate tonight? — Yes.,Is it possible for Mateo to enter through the south gate tonight? — Yes.,"According to the rules or permissions described in the story, is Mateo permitted to enter through the south gate tonight?","Based on the information in the story, could Mateo enter through the south gate tonight?",Is the speaker using this question to ask whether Mateo is permitted to enter through the south gate?,Is the speaker using this question to ask whether the available information leaves open that Mateo entered / will enter through the south gate?,Yes | No | The story does not say,Yes | No,Yes | No,D+,E should not be ruled out,,"Positive-only training candidate. Context-only and whole-scenario norming should use exactly the same context order. For inversion items, specifically norm whether the familiar-English modal question introduces an unwanted permission bias. Candidate syntax pool is balanced across Declarative, Wh-question, and Yes/no inversion. Norming practice/example trials should remain declarative so they teach the semantic judgment without demonstrating a preferred question construction.",Root/deontic,Yes/no inversion,Expected root/deontic interpretation,Expected non-epistemic interpretation
Training,T9,Festival gate,,D unspecified,E+,past perfect / present progressive or stative,TE,N-E,E-N,"Mateo arrived at a music festival earlier tonight. Mateo's friends know he entered through either the north gate or the south gate, but no one saw him arrive.","Mateo's friends know he entered through either the north gate or the south gate, but no one saw him arrive. Mateo arrived at a music festival earlier tonight.",Dax Mateo have entered through the south gate? — Yes.,Is it mip for Mateo to have entered through the south gate? — Yes.,May Mateo have entered through the south gate? — Yes.,Is it possible for Mateo to have entered through the south gate? — Yes.,"According to the rules or permissions described in the story, was Mateo permitted to enter through the south gate?","Based on the information in the story, could Mateo have entered through the south gate?",Is the speaker using this question to ask whether Mateo is permitted to enter through the south gate?,Is the speaker using this question to ask whether the available information leaves open that Mateo entered / will enter through the south gate?,Yes | No | The story does not say,Yes | No,Yes | No,D should be 'The story does not say',E+,,"Positive-only training candidate. Context-only and whole-scenario norming should use exactly the same context order. For inversion items, specifically norm whether the familiar-English modal question is compatible with an epistemic reading. Candidate syntax pool is balanced across Declarative, Wh-question, and Yes/no inversion. Norming practice/example trials should remain declarative so they teach the semantic judgment without demonstrating a preferred question construction.",Epistemic,Yes/no inversion,Expected non-deontic interpretation,Expected epistemic interpretation
Training,T10,Workshop equipment,,D+,E unspecified / not ruled out,future eventive,TR,N-D,D-N,Ben is working in a community workshop tomorrow. Ben's safety certificate lists both the power drill and the laser cutter.,Ben's safety certificate lists both the power drill and the laser cutter. Ben is working in a community workshop tomorrow.,Which tool dax Ben use tomorrow?,Which tool is it mip for Ben to use tomorrow?,Which tool may Ben use tomorrow?,Which tool is it possible for Ben to use tomorrow?,"According to the rules or permissions described in the story, is Ben permitted to use the laser cutter tomorrow?","Based on the information in the story, could Ben use the laser cutter tomorrow?",Is the speaker using this question to ask what the relevant rules or permissions allow Ben to do?,Is the speaker using this question to ask which possibility remains open based on the available information?,Yes | No | The story does not say,Yes | No,Yes | No,D+,E should not be ruled out,,"Positive-only training candidate. Context-only and whole-scenario norming should use exactly the same context order. For inversion items, specifically norm whether the familiar-English modal question introduces an unwanted permission bias. Candidate syntax pool is balanced across Declarative, Wh-question, and Yes/no inversion. Norming practice/example trials should remain declarative so they teach the semantic judgment without demonstrating a preferred question construction.",Root/deontic,Wh-question,Expected root/deontic interpretation,Expected non-epistemic interpretation
Training,T10,Workshop equipment,,D unspecified,E+,past perfect / present progressive or stative,TE,N-E,E-N,Ben is working in a community workshop right now. Ben's coworker knows his project uses either the power drill or the laser cutter but cannot see which machine he chose.,Ben's coworker knows his project uses either the power drill or the laser cutter but cannot see which machine he chose. Ben is working in a community workshop right now.,Which tool dax Ben be using now?,Which tool is it mip for Ben to be using now?,Which tool may Ben be using now?,Which tool is it possible for Ben to be using now?,"According to the rules or permissions described in the story, is Ben permitted to use the laser cutter?","Based on the information in the story, could Ben be using the laser cutter now?",Is the speaker using this question to ask what the relevant rules or permissions allow Ben to do?,Is the speaker using this question to ask which possibility remains open based on the available information?,Yes | No | The story does not say,Yes | No,Yes | No,D should be 'The story does not say',E+,,"Positive-only training candidate. Context-only and whole-scenario norming should use exactly the same context order. For inversion items, specifically norm whether the familiar-English modal question is compatible with an epistemic reading. Candidate syntax pool is balanced across Declarative, Wh-question, and Yes/no inversion. Norming practice/example trials should remain declarative so they teach the semantic judgment without demonstrating a preferred question construction.",Epistemic,Wh-question,Expected non-deontic interpretation,Expected epistemic interpretation
Training,T11,Community kitchen,,D+,E unspecified / not ruled out,future eventive,TR,N-D,D-N,Nina is volunteering at a community center tomorrow. Nina completed the food-safety course required for both the preparation and cooking stations.,Nina completed the food-safety course required for both the preparation and cooking stations. Nina is volunteering at a community center tomorrow.,Dax Nina work at the cooking station tomorrow? — Yes.,Is it mip for Nina to work at the cooking station tomorrow? — Yes.,May Nina work at the cooking station tomorrow? — Yes.,Is it possible for Nina to work at the cooking station tomorrow? — Yes.,"According to the rules or permissions described in the story, is Nina permitted to work at the cooking station tomorrow?","Based on the information in the story, could Nina work at the cooking station tomorrow?",Is the speaker using this question to ask whether Nina is permitted to work at the cooking station?,Is the speaker using this question to ask whether the available information leaves open that Nina is / will be working at the cooking station?,Yes | No | The story does not say,Yes | No,Yes | No,D+,E should not be ruled out,,"Positive-only training candidate. Context-only and whole-scenario norming should use exactly the same context order. For inversion items, specifically norm whether the familiar-English modal question introduces an unwanted permission bias. Candidate syntax pool is balanced across Declarative, Wh-question, and Yes/no inversion. Norming practice/example trials should remain declarative so they teach the semantic judgment without demonstrating a preferred question construction.",Root/deontic,Yes/no inversion,Expected root/deontic interpretation,Expected non-epistemic interpretation
Training,T11,Community kitchen,,D unspecified,E+,past perfect / present progressive or stative,TE,N-E,E-N,Nina is volunteering at the community center right now. Nina's coordinator knows she was assigned either to food preparation or to cooking but has not checked which station she is at.,Nina's coordinator knows she was assigned either to food preparation or to cooking but has not checked which station she is at. Nina is volunteering at the community center right now.,Dax Nina be working at the cooking station now? — Yes.,Is it mip for Nina to be working at the cooking station now? — Yes.,May Nina be working at the cooking station now? — Yes.,Is it possible for Nina to be working at the cooking station now? — Yes.,"According to the rules or permissions described in the story, is Nina permitted to work at the cooking station?","Based on the information in the story, could Nina be working at the cooking station now?",Is the speaker using this question to ask whether Nina is permitted to work at the cooking station?,Is the speaker using this question to ask whether the available information leaves open that Nina is / will be working at the cooking station?,Yes | No | The story does not say,Yes | No,Yes | No,D should be 'The story does not say',E+,,"Positive-only training candidate. Context-only and whole-scenario norming should use exactly the same context order. For inversion items, specifically norm whether the familiar-English modal question is compatible with an epistemic reading. Candidate syntax pool is balanced across Declarative, Wh-question, and Yes/no inversion. Norming practice/example trials should remain declarative so they teach the semantic judgment without demonstrating a preferred question construction.",Epistemic,Yes/no inversion,Expected non-deontic interpretation,Expected epistemic interpretation
Training,T12,College lab,,D+,E unspecified / not ruled out,future eventive,TR,N-D,D-N,Daniel is doing an experiment tomorrow. Daniel's new safety qualification covers both Lab A and Lab B.,Daniel's new safety qualification covers both Lab A and Lab B. Daniel is doing an experiment tomorrow.,Daniel dax work in Lab B tomorrow.,It is mip for Daniel to work in Lab B tomorrow.,Daniel may work in Lab B tomorrow.,It is possible for Daniel to work in Lab B tomorrow.,"According to the rules or permissions described in the story, is Daniel permitted to work in Lab B tomorrow?","Based on the information in the story, could Daniel work in Lab B tomorrow?",Is the speaker using this sentence to say that the relevant rules or permissions allow Daniel to work in Lab B tomorrow?,Is the speaker using this sentence to say that the available information leaves open whether Daniel will work in Lab B tomorrow?,Yes | No | The story does not say,Yes | No,Yes | No,D+,E should not be ruled out,,"Positive-only training candidate. Context-only and whole-scenario norming should use exactly the same context order. For inversion items, specifically norm whether the familiar-English modal question introduces an unwanted permission bias. Candidate syntax pool is balanced across Declarative, Wh-question, and Yes/no inversion. Norming practice/example trials should remain declarative so they teach the semantic judgment without demonstrating a preferred question construction.",Root/deontic,Declarative,Expected root/deontic interpretation,Expected non-epistemic interpretation
Training,T12,College lab,,D unspecified,E+,past perfect / present progressive or stative,TE,N-E,E-N,"Daniel is doing an experiment right now. Daniel's supervisor knows he is in either Lab A or Lab B, but the room log has not been updated.","Daniel's supervisor knows he is in either Lab A or Lab B, but the room log has not been updated. Daniel is doing an experiment right now.",Daniel dax be in Lab B now.,It is mip for Daniel to be in Lab B now.,Daniel may be in Lab B now.,It is possible for Daniel to be in Lab B now.,"According to the rules or permissions described in the story, is Daniel permitted to work in Lab B?","Based on the information in the story, could Daniel be in Lab B now?",Is the speaker using this sentence to say that the relevant rules or permissions allow Daniel to work in Lab B?,Is the speaker using this sentence to say that the available information leaves open whether Daniel is in Lab B now?,Yes | No | The story does not say,Yes | No,Yes | No,D should be 'The story does not say',E+,,"Positive-only training candidate. Context-only and whole-scenario norming should use exactly the same context order. For inversion items, specifically norm whether the familiar-English modal question is compatible with an epistemic reading. Candidate syntax pool is balanced across Declarative, Wh-question, and Yes/no inversion. Norming practice/example trials should remain declarative so they teach the semantic judgment without demonstrating a preferred question construction.",Epistemic,Declarative,Expected non-deontic interpretation,Expected epistemic interpretation
Critical Test,C1,Museum archive,Root→Epistemic,D-,E+,past perfect,P1,N-E-D,E-D-N,"Lina is collecting material at the museum for a history project. The museum's location record has a gap after lunch, and none of Lina's classmates saw where she went. The archive is reserved for registered researchers, while Lina has a regular visitor badge.","The museum's location record has a gap after lunch, and none of Lina's classmates saw where she went. The archive is reserved for registered researchers, while Lina has a regular visitor badge. Lina is collecting material at the museum for a history project.",Lina dax have gone into the archive.,It is mip for Lina to have gone into the archive.,Lina may have gone into the archive.,It is possible for Lina to have gone into the archive.,"According to the rules or permissions described in the story, was Lina permitted to enter the archive?","Based on the information in the story, could Lina have gone into the archive?",Is the speaker using this sentence to say that the relevant rules or permissions permitted Lina to enter the archive?,Is the speaker using this sentence to say that the available information leaves open whether Lina went into the archive?,Yes | No | The story does not say,Yes | No,Yes | No,D-,E+,Transfer predicts Accept; source-flavor-only interpretation predicts Reject.,The same context order version should be used for context-only and whole-scenario norming for a given participant/list. Critical candidate: norm both order versions and prefer items whose D/E judgments are robust across order.,,,,
Critical Test,C1,Museum archive,Epistemic→Root,D+,E-,future eventive,P2,D-N-E,N-D-E,"Lina is registered as a visiting researcher, which gives her permission to enter the archive. Lina is working on a history project at the museum tomorrow. Lina's finalized itinerary says she will stay with the public tour and leave immediately afterward, and she confirmed that schedule with her classmates.","Lina is working on a history project at the museum tomorrow. Lina is registered as a visiting researcher, which gives her permission to enter the archive. Lina's finalized itinerary says she will stay with the public tour and leave immediately afterward, and she confirmed that schedule with her classmates.",Lina dax enter the archive tomorrow.,It is mip for Lina to enter the archive tomorrow.,Lina may enter the archive tomorrow.,It is possible for Lina to enter the archive tomorrow.,"According to the rules or permissions described in the story, is Lina permitted to enter the archive tomorrow?","Based on the information in the story, could Lina enter the archive tomorrow?",Is the speaker using this sentence to say that the relevant rules or permissions allow Lina to enter the archive tomorrow?,Is the speaker using this sentence to say that the available information leaves open whether Lina will enter the archive tomorrow?,Yes | No | The story does not say,Yes | No,Yes | No,D+,E-,Transfer predicts Accept; source-flavor-only interpretation predicts Reject.,The same context order version should be used for context-only and whole-scenario norming for a given participant/list. Critical candidate: norm both order versions and prefer items whose D/E judgments are robust across order.,,,,
Critical Test,C2,Library map room,Root→Epistemic,D-,E+,present progressive,P3,E-N-D,D-E-N,"Priya's classmates cannot find her right now, and the room-location board has not been updated. Priya is at the library preparing a presentation with several classmates. The map room is reserved for people with research cards, and Priya is visiting on a standard day pass.","The map room is reserved for people with research cards, and Priya is visiting on a standard day pass. Priya's classmates cannot find her right now, and the room-location board has not been updated. Priya is at the library preparing a presentation with several classmates.",Priya dax be working in the map room now.,It is mip for Priya to be working in the map room now.,Priya may be working in the map room now.,It is possible for Priya to be working in the map room now.,"According to the rules or permissions described in the story, is Priya permitted to work in the map room?","Based on the information in the story, could Priya be working in the map room now?",Is the speaker using this sentence to say that the relevant rules or permissions allow Priya to work in the map room?,Is the speaker using this sentence to say that the available information leaves open whether Priya is working in the map room now?,Yes | No | The story does not say,Yes | No,Yes | No,D-,E+,Transfer predicts Accept; source-flavor-only interpretation predicts Reject.,The same context order version should be used for context-only and whole-scenario norming for a given participant/list. Critical candidate: norm both order versions and prefer items whose D/E judgments are robust across order.,,,,
Critical Test,C2,Library map room,Epistemic→Root,D+,E-,future eventive,P1,N-E-D,E-D-N,"Priya is preparing materials for a history presentation at the library tomorrow. Priya submitted her final room reservation for tomorrow, and it lists the main reading room rather than the map room; she confirmed that choice with her group. Priya's research card includes use of the map room.","Priya submitted her final room reservation for tomorrow, and it lists the main reading room rather than the map room; she confirmed that choice with her group. Priya's research card includes use of the map room. Priya is preparing materials for a history presentation at the library tomorrow.",Priya dax work in the map room tomorrow.,It is mip for Priya to work in the map room tomorrow.,Priya may work in the map room tomorrow.,It is possible for Priya to work in the map room tomorrow.,"According to the rules or permissions described in the story, is Priya permitted to work in the map room tomorrow?","Based on the information in the story, could Priya work in the map room tomorrow?",Is the speaker using this sentence to say that the relevant rules or permissions allow Priya to work in the map room tomorrow?,Is the speaker using this sentence to say that the available information leaves open whether Priya will work in the map room tomorrow?,Yes | No | The story does not say,Yes | No,Yes | No,D+,E-,Transfer predicts Accept; source-flavor-only interpretation predicts Reject.,The same context order version should be used for context-only and whole-scenario norming for a given participant/list. Critical candidate: norm both order versions and prefer items whose D/E judgments are robust across order.,,,,
Critical Test,C3,Community workshop,Root→Epistemic,D-,E+,present progressive,P2,D-N-E,N-D-E,"The laser cutter is reserved for people with an advanced safety certificate, and Ben has only completed the introductory course. Ben is building a wooden sign at the community workshop this afternoon. Ben's coworker is in another room and cannot tell which machine Ben is using.","Ben is building a wooden sign at the community workshop this afternoon. The laser cutter is reserved for people with an advanced safety certificate, and Ben has only completed the introductory course. Ben's coworker is in another room and cannot tell which machine Ben is using.",Ben dax be using the laser cutter now.,It is mip for Ben to be using the laser cutter now.,Ben may be using the laser cutter now.,It is possible for Ben to be using the laser cutter now.,"According to the rules or permissions described in the story, is Ben permitted to use the laser cutter?","Based on the information in the story, could Ben be using the laser cutter now?",Is the speaker using this sentence to say that the relevant rules or permissions allow Ben to use the laser cutter?,Is the speaker using this sentence to say that the available information leaves open whether Ben is using the laser cutter now?,Yes | No | The story does not say,Yes | No,Yes | No,D-,E+,Transfer predicts Accept; source-flavor-only interpretation predicts Reject.,The same context order version should be used for context-only and whole-scenario norming for a given participant/list. Critical candidate: norm both order versions and prefer items whose D/E judgments are robust across order.,,,,
Critical Test,C3,Community workshop,Epistemic→Root,D+,E-,future eventive,P3,E-N-D,D-E-N,"Ben's final project plan for tomorrow lists only hand tools, and he confirmed that plan with his instructor today. Ben is building a wooden sign for the workshop tomorrow. Ben completed the advanced safety course last month, so the laser cutter is included on his certification.","Ben completed the advanced safety course last month, so the laser cutter is included on his certification. Ben's final project plan for tomorrow lists only hand tools, and he confirmed that plan with his instructor today. Ben is building a wooden sign for the workshop tomorrow.",Ben dax use the laser cutter tomorrow.,It is mip for Ben to use the laser cutter tomorrow.,Ben may use the laser cutter tomorrow.,It is possible for Ben to use the laser cutter tomorrow.,"According to the rules or permissions described in the story, is Ben permitted to use the laser cutter tomorrow?","Based on the information in the story, could Ben use the laser cutter tomorrow?",Is the speaker using this sentence to say that the relevant rules or permissions allow Ben to use the laser cutter tomorrow?,Is the speaker using this sentence to say that the available information leaves open whether Ben will use the laser cutter tomorrow?,Yes | No | The story does not say,Yes | No,Yes | No,D+,E-,Transfer predicts Accept; source-flavor-only interpretation predicts Reject.,The same context order version should be used for context-only and whole-scenario norming for a given participant/list. Critical candidate: norm both order versions and prefer items whose D/E judgments are robust across order.,,,,
Critical Test,C4,Theater balcony,Root→Epistemic,D-,E+,present progressive,P1,N-E-D,E-D-N,Maya is at the show with members of her drama club. Maya's friends lost track of her during intermission and do not know where she went. Maya's ticket is marked for the main-floor section rather than the balcony.,Maya's friends lost track of her during intermission and do not know where she went. Maya's ticket is marked for the main-floor section rather than the balcony. Maya is at the show with members of her drama club.,Maya dax be sitting in the balcony now.,It is mip for Maya to be sitting in the balcony now.,Maya may be sitting in the balcony now.,It is possible for Maya to be sitting in the balcony now.,"According to the rules or permissions described in the story, is Maya permitted to sit in the balcony?","Based on the information in the story, could Maya be sitting in the balcony now?",Is the speaker using this sentence to say that the relevant rules or permissions allow Maya to sit in the balcony?,Is the speaker using this sentence to say that the available information leaves open whether Maya is sitting in the balcony now?,Yes | No | The story does not say,Yes | No,Yes | No,D-,E+,Transfer predicts Accept; source-flavor-only interpretation predicts Reject.,The same context order version should be used for context-only and whole-scenario norming for a given participant/list. Critical candidate: norm both order versions and prefer items whose D/E judgments are robust across order.,,,,
Critical Test,C4,Theater balcony,Epistemic→Root,D+,E-,future eventive,P2,D-N-E,N-D-E,"Maya's staff pass is valid in the balcony when she is off duty. Maya is helping her drama club at tomorrow's performance. The final performance schedule has Maya onstage throughout the show, and the director confirmed the schedule this afternoon.","Maya is helping her drama club at tomorrow's performance. Maya's staff pass is valid in the balcony when she is off duty. The final performance schedule has Maya onstage throughout the show, and the director confirmed the schedule this afternoon.",Maya dax sit in the balcony during tomorrow's show.,It is mip for Maya to sit in the balcony during tomorrow's show.,Maya may sit in the balcony during tomorrow's show.,It is possible for Maya to sit in the balcony during tomorrow's show.,"According to the rules or permissions described in the story, is Maya permitted to sit in the balcony during tomorrow's show?","Based on the information in the story, could Maya sit in the balcony during tomorrow's show?",Is the speaker using this sentence to say that the relevant rules or permissions allow Maya to sit in the balcony during tomorrow's show?,Is the speaker using this sentence to say that the available information leaves open whether Maya will sit in the balcony during tomorrow's show?,Yes | No | The story does not say,Yes | No,Yes | No,D+,E-,Transfer predicts Accept; source-flavor-only interpretation predicts Reject.,The same context order version should be used for context-only and whole-scenario norming for a given participant/list. Critical candidate: norm both order versions and prefer items whose D/E judgments are robust across order.,,,,
Critical Test,C5,Community kitchen,Root→Epistemic,D-,E+,present progressive,P3,E-N-D,D-E-N,"Ingredients have been taken out of the pantry, but nobody has checked who is working in the kitchen. Nina is volunteering at the community center during a neighborhood fundraiser. The cooking station is reserved for volunteers who completed the food-safety course, and Nina has not taken it yet.","The cooking station is reserved for volunteers who completed the food-safety course, and Nina has not taken it yet. Ingredients have been taken out of the pantry, but nobody has checked who is working in the kitchen. Nina is volunteering at the community center during a neighborhood fundraiser.",Nina dax be cooking in the kitchen now.,It is mip for Nina to be cooking in the kitchen now.,Nina may be cooking in the kitchen now.,It is possible for Nina to be cooking in the kitchen now.,"According to the rules or permissions described in the story, is Nina permitted to cook in the kitchen?","Based on the information in the story, could Nina be cooking in the kitchen now?",Is the speaker using this sentence to say that the relevant rules or permissions allow Nina to cook in the kitchen?,Is the speaker using this sentence to say that the available information leaves open whether Nina is cooking in the kitchen now?,Yes | No | The story does not say,Yes | No,Yes | No,D-,E+,Transfer predicts Accept; source-flavor-only interpretation predicts Reject.,The same context order version should be used for context-only and whole-scenario norming for a given participant/list. Critical candidate: norm both order versions and prefer items whose D/E judgments are robust across order.,,,,
Critical Test,C5,Community kitchen,Epistemic→Root,D+,E-,future eventive,P1,N-E-D,E-D-N,"Nina is helping with the same neighborhood fundraiser tomorrow. Tomorrow's meal has already been completely prepared and packed tonight, and the volunteer schedule lists no cooking tasks for tomorrow morning. Nina completed the food-safety course and is registered for kitchen work.","Tomorrow's meal has already been completely prepared and packed tonight, and the volunteer schedule lists no cooking tasks for tomorrow morning. Nina completed the food-safety course and is registered for kitchen work. Nina is helping with the same neighborhood fundraiser tomorrow.",Nina dax cook in the kitchen tomorrow morning.,It is mip for Nina to cook in the kitchen tomorrow morning.,Nina may cook in the kitchen tomorrow morning.,It is possible for Nina to cook in the kitchen tomorrow morning.,"According to the rules or permissions described in the story, is Nina permitted to cook in the kitchen tomorrow morning?","Based on the information in the story, could Nina cook in the kitchen tomorrow morning?",Is the speaker using this sentence to say that the relevant rules or permissions allow Nina to cook in the kitchen tomorrow morning?,Is the speaker using this sentence to say that the available information leaves open whether Nina will cook in the kitchen tomorrow morning?,Yes | No | The story does not say,Yes | No,Yes | No,D+,E-,Transfer predicts Accept; source-flavor-only interpretation predicts Reject. Norm carefully that the context rules out the event epistemically without implying loss of permission.,The same context order version should be used for context-only and whole-scenario norming for a given participant/list. Critical candidate: norm both order versions and prefer items whose D/E judgments are robust across order.,,,,
Critical Test,C6,Science lab,Root→Epistemic,D-,E+,present stative,P2,D-N-E,N-D-E,"Daniel's current safety level covers Lab A but not Lab B. Daniel is running tests for a group project this afternoon. Daniel's supervisor knows he is somewhere on the second floor, but the electronic room log is temporarily offline.","Daniel is running tests for a group project this afternoon. Daniel's current safety level covers Lab A but not Lab B. Daniel's supervisor knows he is somewhere on the second floor, but the electronic room log is temporarily offline.",Daniel dax be in Lab B now.,It is mip for Daniel to be in Lab B now.,Daniel may be in Lab B now.,It is possible for Daniel to be in Lab B now.,"According to the rules or permissions described in the story, is Daniel permitted to work in Lab B?","Based on the information in the story, could Daniel be in Lab B now?",Is the speaker using this sentence to say that the relevant rules or permissions allow Daniel to work in Lab B?,Is the speaker using this sentence to say that the available information leaves open whether Daniel is in Lab B now?,Yes | No | The story does not say,Yes | No,Yes | No,D-,E+,Transfer predicts Accept; source-flavor-only interpretation predicts Reject.,The same context order version should be used for context-only and whole-scenario norming for a given participant/list. Critical candidate: norm both order versions and prefer items whose D/E judgments are robust across order.,,,,
Critical Test,C6,Science lab,Epistemic→Root,D+,E-,future eventive,P3,E-N-D,D-E-N,"The final booking sheet assigns Daniel to Lab A for the whole session, and his supervisor confirmed that assignment today. Daniel's research group is continuing an experiment tomorrow. Daniel recently completed the advanced training that qualifies him to work in Lab B.","Daniel recently completed the advanced training that qualifies him to work in Lab B. The final booking sheet assigns Daniel to Lab A for the whole session, and his supervisor confirmed that assignment today. Daniel's research group is continuing an experiment tomorrow.",Daniel dax work in Lab B tomorrow.,It is mip for Daniel to work in Lab B tomorrow.,Daniel may work in Lab B tomorrow.,It is possible for Daniel to work in Lab B tomorrow.,"According to the rules or permissions described in the story, is Daniel permitted to work in Lab B tomorrow?","Based on the information in the story, could Daniel work in Lab B tomorrow?",Is the speaker using this sentence to say that the relevant rules or permissions allow Daniel to work in Lab B tomorrow?,Is the speaker using this sentence to say that the available information leaves open whether Daniel will work in Lab B tomorrow?,Yes | No | The story does not say,Yes | No,Yes | No,D+,E-,Transfer predicts Accept; source-flavor-only interpretation predicts Reject.,The same context order version should be used for context-only and whole-scenario norming for a given participant/list. Critical candidate: norm both order versions and prefer items whose D/E judgments are robust across order.,,,,
Critical Test,C7,Music festival,Root→Epistemic,D-,E+,past perfect,P1,N-E-D,E-D-N,"Mateo is attending a music festival where several of his friends are working. Nobody has seen Mateo for the last hour, and part of the entrance record is missing. Mateo's general-admission wristband is different from the staff bands used backstage.","Nobody has seen Mateo for the last hour, and part of the entrance record is missing. Mateo's general-admission wristband is different from the staff bands used backstage. Mateo is attending a music festival where several of his friends are working.",Mateo dax have gone backstage.,It is mip for Mateo to have gone backstage.,Mateo may have gone backstage.,It is possible for Mateo to have gone backstage.,"According to the rules or permissions described in the story, was Mateo permitted to go backstage?","Based on the information in the story, could Mateo have gone backstage?",Is the speaker using this sentence to say that the relevant rules or permissions permitted Mateo to go backstage?,Is the speaker using this sentence to say that the available information leaves open whether Mateo went backstage?,Yes | No | The story does not say,Yes | No,Yes | No,D-,E+,Transfer predicts Accept; source-flavor-only interpretation predicts Reject.,The same context order version should be used for context-only and whole-scenario norming for a given participant/list. Critical candidate: norm both order versions and prefer items whose D/E judgments are robust across order.,,,,
Critical Test,C7,Music festival,Epistemic→Root,D+,E-,future eventive,P2,D-N-E,N-D-E,"Mateo now has a staff wristband that is valid backstage. Mateo is helping organize the festival for the first time tomorrow. The final staff roster assigns Mateo to the front entrance throughout tomorrow evening, and his supervisor confirmed that assignment with him today.","Mateo is helping organize the festival for the first time tomorrow. Mateo now has a staff wristband that is valid backstage. The final staff roster assigns Mateo to the front entrance throughout tomorrow evening, and his supervisor confirmed that assignment with him today.",Mateo dax go backstage tomorrow evening.,It is mip for Mateo to go backstage tomorrow evening.,Mateo may go backstage tomorrow evening.,It is possible for Mateo to go backstage tomorrow evening.,"According to the rules or permissions described in the story, is Mateo permitted to go backstage tomorrow evening?","Based on the information in the story, could Mateo go backstage tomorrow evening?",Is the speaker using this sentence to say that the relevant rules or permissions allow Mateo to go backstage tomorrow evening?,Is the speaker using this sentence to say that the available information leaves open whether Mateo will go backstage tomorrow evening?,Yes | No | The story does not say,Yes | No,Yes | No,D+,E-,Transfer predicts Accept; source-flavor-only interpretation predicts Reject.,The same context order version should be used for context-only and whole-scenario norming for a given participant/list. Critical candidate: norm both order versions and prefer items whose D/E judgments are robust across order.,,,,
Critical Test,C8,Ferry deck,Root→Epistemic,D-,E+,present progressive,P3,E-N-D,D-E-N,"Sofia's family knows she boarded the ferry but has not found her, and they have not checked the upper deck. Sofia is traveling with her family to an island for a reunion. Sofia's ticket is marked for the lower deck only.","Sofia's ticket is marked for the lower deck only. Sofia's family knows she boarded the ferry but has not found her, and they have not checked the upper deck. Sofia is traveling with her family to an island for a reunion.",Sofia dax be sitting on the upper deck now.,It is mip for Sofia to be sitting on the upper deck now.,Sofia may be sitting on the upper deck now.,It is possible for Sofia to be sitting on the upper deck now.,"According to the rules or permissions described in the story, is Sofia permitted to sit on the upper deck?","Based on the information in the story, could Sofia be sitting on the upper deck now?",Is the speaker using this sentence to say that the relevant rules or permissions allow Sofia to sit on the upper deck?,Is the speaker using this sentence to say that the available information leaves open whether Sofia is sitting on the upper deck now?,Yes | No | The story does not say,Yes | No,Yes | No,D-,E+,Transfer predicts Accept; source-flavor-only interpretation predicts Reject.,The same context order version should be used for context-only and whole-scenario norming for a given participant/list. Critical candidate: norm both order versions and prefer items whose D/E judgments are robust across order.,,,,
Critical Test,C8,Ferry deck,Epistemic→Root,D+,E-,future eventive,P1,N-E-D,E-D-N,"Sofia is traveling with relatives to a family reunion tomorrow. The group has already selected and confirmed seats together on the lower deck, and Sofia confirmed that she will sit with them. Sofia's ticket is marked “all decks.”","The group has already selected and confirmed seats together on the lower deck, and Sofia confirmed that she will sit with them. Sofia's ticket is marked “all decks.” Sofia is traveling with relatives to a family reunion tomorrow.",Sofia dax sit on the upper deck tomorrow.,It is mip for Sofia to sit on the upper deck tomorrow.,Sofia may sit on the upper deck tomorrow.,It is possible for Sofia to sit on the upper deck tomorrow.,"According to the rules or permissions described in the story, is Sofia permitted to sit on the upper deck tomorrow?","Based on the information in the story, could Sofia sit on the upper deck tomorrow?",Is the speaker using this sentence to say that the relevant rules or permissions allow Sofia to sit on the upper deck tomorrow?,Is the speaker using this sentence to say that the available information leaves open whether Sofia will sit on the upper deck tomorrow?,Yes | No | The story does not say,Yes | No,Yes | No,D+,E-,Transfer predicts Accept; source-flavor-only interpretation predicts Reject. Norm whether the confirmed lower-deck plan is strong enough to support E-.,The same context order version should be used for context-only and whole-scenario norming for a given participant/list. Critical candidate: norm both order versions and prefer items whose D/E judgments are robust across order.,,,,
Filler,F1,Botanical garden,D+E+ filler,D+,E+,future eventive,P2,D-N-E,N-D-E,Chloe's student research ticket includes the greenhouse. Chloe is visiting the botanical garden to photograph tropical plants for an assignment. Chloe told her classmate that she plans to spend tomorrow morning in the greenhouse.,Chloe is visiting the botanical garden to photograph tropical plants for an assignment. Chloe's student research ticket includes the greenhouse. Chloe told her classmate that she plans to spend tomorrow morning in the greenhouse.,Chloe dax visit the greenhouse tomorrow morning.,It is mip for Chloe to visit the greenhouse tomorrow morning.,Chloe may visit the greenhouse tomorrow morning.,It is possible for Chloe to visit the greenhouse tomorrow morning.,"According to the rules or permissions described in the story, is Chloe permitted to visit the greenhouse tomorrow morning?","Based on the information in the story, could Chloe visit the greenhouse tomorrow morning?",Is the speaker using this sentence to say that the relevant rules or permissions allow Chloe to visit the greenhouse tomorrow morning?,Is the speaker using this sentence to say that the available information leaves open whether Chloe will visit the greenhouse tomorrow morning?,Yes | No | The story does not say,Yes | No,Yes | No,D+,E+,Accept under both deontic and epistemic interpretations.,"The same context order version should be used for context-only and whole-scenario norming for a given participant/list. Filler candidate: D and E converge, so the item should not diagnose flavor assignment.",,,,
Filler,F2,Aquarium corridor,D-E- filler,D-,E-,past perfect,P3,E-N-D,D-E-N,Complete security footage shows Amir stayed in the public exhibits throughout the visit. Amir spent yesterday at the aquarium with his younger cousin. The corridor behind the main tanks is marked for aquarium employees rather than visitors.,The corridor behind the main tanks is marked for aquarium employees rather than visitors. Complete security footage shows Amir stayed in the public exhibits throughout the visit. Amir spent yesterday at the aquarium with his younger cousin.,Amir dax have entered the staff corridor.,It is mip for Amir to have entered the staff corridor.,Amir may have entered the staff corridor.,It is possible for Amir to have entered the staff corridor.,"According to the rules or permissions described in the story, was Amir permitted to enter the staff corridor?","Based on the information in the story, could Amir have entered the staff corridor?",Is the speaker using this sentence to say that the relevant rules or permissions permitted Amir to enter the staff corridor?,Is the speaker using this sentence to say that the available information leaves open whether Amir entered the staff corridor?,Yes | No | The story does not say,Yes | No,Yes | No,D-,E-,Reject under both deontic and epistemic interpretations.,"The same context order version should be used for context-only and whole-scenario norming for a given participant/list. Filler candidate: D and E converge, so the item should not diagnose flavor assignment.",,,,
Filler,F3,Pottery studio,D+E+ filler,D+,E+,present progressive,P1,N-E-D,E-D-N,"Zoe is making a bowl for a class project. A classmate saw Zoe carry her clay into the pottery room a few minutes ago and has not seen her leave. Zoe completed the studio's advanced ceramics course last semester, which qualifies her to use the pottery room.","A classmate saw Zoe carry her clay into the pottery room a few minutes ago and has not seen her leave. Zoe completed the studio's advanced ceramics course last semester, which qualifies her to use the pottery room. Zoe is making a bowl for a class project.",Zoe dax be working in the pottery room now.,It is mip for Zoe to be working in the pottery room now.,Zoe may be working in the pottery room now.,It is possible for Zoe to be working in the pottery room now.,"According to the rules or permissions described in the story, is Zoe permitted to work in the pottery room?","Based on the information in the story, could Zoe be working in the pottery room now?",Is the speaker using this sentence to say that the relevant rules or permissions allow Zoe to work in the pottery room?,Is the speaker using this sentence to say that the available information leaves open whether Zoe is working in the pottery room now?,Yes | No | The story does not say,Yes | No,Yes | No,D+,E+,Accept under both deontic and epistemic interpretations.,"The same context order version should be used for context-only and whole-scenario norming for a given participant/list. Filler candidate: D and E converge, so the item should not diagnose flavor assignment.",,,,
Filler,F4,Sports center,D-E- filler,D-,E-,future eventive,P2,D-N-E,N-D-E,"The local center reserves Court 1 for registered players, and Owen is attending there only as a spectator. Owen's teammates are traveling together to another sports center tomorrow morning. Owen's official team schedule places him at the other sports center throughout tomorrow afternoon, and the coach confirmed the schedule today.","Owen's teammates are traveling together to another sports center tomorrow morning. The local center reserves Court 1 for registered players, and Owen is attending there only as a spectator. Owen's official team schedule places him at the other sports center throughout tomorrow afternoon, and the coach confirmed the schedule today.",Owen dax play on Court 1 tomorrow afternoon.,It is mip for Owen to play on Court 1 tomorrow afternoon.,Owen may play on Court 1 tomorrow afternoon.,It is possible for Owen to play on Court 1 tomorrow afternoon.,"According to the rules or permissions described in the story, is Owen permitted to play on Court 1 tomorrow afternoon?","Based on the information in the story, could Owen play on Court 1 tomorrow afternoon?",Is the speaker using this sentence to say that the relevant rules or permissions allow Owen to play on Court 1 tomorrow afternoon?,Is the speaker using this sentence to say that the available information leaves open whether Owen will play on Court 1 tomorrow afternoon?,Yes | No | The story does not say,Yes | No,Yes | No,D-,E-,Reject under both deontic and epistemic interpretations.,"The same context order version should be used for context-only and whole-scenario norming for a given participant/list. Filler candidate: D and E converge, so the item should not diagnose flavor assignment.",,,,
Filler,F5,Museum reading room,D+E+ filler,D+,E+,past perfect,P3,E-N-D,D-E-N,"Grace's notes record that she worked in the reading room after lunch, and a staff member remembers seeing her there. Grace spent yesterday researching a local-history project at the museum. Grace has a researcher card that includes use of the reading room.","Grace has a researcher card that includes use of the reading room. Grace's notes record that she worked in the reading room after lunch, and a staff member remembers seeing her there. Grace spent yesterday researching a local-history project at the museum.",Grace dax have worked in the reading room that afternoon.,It is mip for Grace to have worked in the reading room that afternoon.,Grace may have worked in the reading room that afternoon.,It is possible for Grace to have worked in the reading room that afternoon.,"According to the rules or permissions described in the story, was Grace permitted to work in the reading room?","Based on the information in the story, could Grace have worked in the reading room that afternoon?",Is the speaker using this sentence to say that the relevant rules or permissions permitted Grace to work in the reading room?,Is the speaker using this sentence to say that the available information leaves open whether Grace worked in the reading room that afternoon?,Yes | No | The story does not say,Yes | No,Yes | No,D+,E+,Accept under both deontic and epistemic interpretations.,"The same context order version should be used for context-only and whole-scenario norming for a given participant/list. Filler candidate: D and E converge, so the item should not diagnose flavor assignment.",,,,
Filler,F6,Conference lounge,D-E- filler,D-,E-,present progressive,P1,N-E-D,E-D-N,"Henry came to the conference to hear a former professor give a talk. That professor is sitting beside Henry in the main lecture hall right now. The speakers' lounge is reserved for presenters, while Henry has a general attendee badge.","That professor is sitting beside Henry in the main lecture hall right now. The speakers' lounge is reserved for presenters, while Henry has a general attendee badge. Henry came to the conference to hear a former professor give a talk.",Henry dax be sitting in the speakers' lounge now.,It is mip for Henry to be sitting in the speakers' lounge now.,Henry may be sitting in the speakers' lounge now.,It is possible for Henry to be sitting in the speakers' lounge now.,"According to the rules or permissions described in the story, is Henry permitted to sit in the speakers' lounge?","Based on the information in the story, could Henry be sitting in the speakers' lounge now?",Is the speaker using this sentence to say that the relevant rules or permissions allow Henry to sit in the speakers' lounge?,Is the speaker using this sentence to say that the available information leaves open whether Henry is sitting in the speakers' lounge now?,Yes | No | The story does not say,Yes | No,Yes | No,D-,E-,Reject under both deontic and epistemic interpretations.,"The same context order version should be used for context-only and whole-scenario norming for a given participant/list. Filler candidate: D and E converge, so the item should not diagnose flavor assignment.",,,,
Filler,F7,Community kitchen,D+E+ filler,D+,E+,present progressive,P2,D-N-E,N-D-E,"Nina completed the food-safety course required for the cooking station. Nina is helping prepare food for a neighborhood fundraiser. Several ingredients are open on the kitchen counter, and a coworker heard Nina using the mixer a few minutes ago.","Nina is helping prepare food for a neighborhood fundraiser. Nina completed the food-safety course required for the cooking station. Several ingredients are open on the kitchen counter, and a coworker heard Nina using the mixer a few minutes ago.",Nina dax be cooking in the kitchen now.,It is mip for Nina to be cooking in the kitchen now.,Nina may be cooking in the kitchen now.,It is possible for Nina to be cooking in the kitchen now.,"According to the rules or permissions described in the story, is Nina permitted to cook in the kitchen?","Based on the information in the story, could Nina be cooking in the kitchen now?",Is the speaker using this sentence to say that the relevant rules or permissions allow Nina to cook in the kitchen?,Is the speaker using this sentence to say that the available information leaves open whether Nina is cooking in the kitchen now?,Yes | No | The story does not say,Yes | No,Yes | No,D+,E+,Accept under both deontic and epistemic interpretations.,"The same context order version should be used for context-only and whole-scenario norming for a given participant/list. Filler candidate: D and E converge, so the item should not diagnose flavor assignment.",,,,
Filler,F8,Library office,D-E- filler,D-,E-,past perfect,P3,E-N-D,D-E-N,"The entry log shows that Sam remained in the public study area until closing. Sam spent yesterday at the library studying for an exam. The librarians' office is reserved for library employees, and Sam has an ordinary student card.","The librarians' office is reserved for library employees, and Sam has an ordinary student card. The entry log shows that Sam remained in the public study area until closing. Sam spent yesterday at the library studying for an exam.",Sam dax have gone into the librarians' office.,It is mip for Sam to have gone into the librarians' office.,Sam may have gone into the librarians' office.,It is possible for Sam to have gone into the librarians' office.,"According to the rules or permissions described in the story, was Sam permitted to enter the librarians' office?","Based on the information in the story, could Sam have gone into the librarians' office?",Is the speaker using this sentence to say that the relevant rules or permissions permitted Sam to enter the librarians' office?,Is the speaker using this sentence to say that the available information leaves open whether Sam went into the librarians' office?,Yes | No | The story does not say,Yes | No,Yes | No,D-,E-,Reject under both deontic and epistemic interpretations.,"The same context order version should be used for context-only and whole-scenario norming for a given participant/list. Filler candidate: D and E converge, so the item should not diagnose flavor assignment.",,,,
