phase,item_id,domain,training_flavor,syntax,D_status,E_status,temporal_orientation,order_pair_id,order_1,order_2,context_order_1,context_order_2,functional_auxiliary_target,lexical_adjective_target,whole_scenario_may_target,whole_scenario_possible_target,context_only_deontic_question,context_only_epistemic_question,whole_scenario_deontic_question,whole_scenario_epistemic_question,context_only_deontic_response_options,context_only_epistemic_response_options,whole_scenario_response_options,expected_context_D,expected_context_E,expected_whole_scenario_deontic_interpretation,expected_whole_scenario_epistemic_interpretation,notes
Training,T1,Museum entrance,Root/deontic,Declarative,D+,E unspecified / not ruled out,future eventive,TR,N-D,D-N,Lina is visiting a history museum tomorrow for a class project. Lina has a green visitor badge that is valid at both the main entrance and the side entrance.,Lina has a green visitor badge that is valid at both the main entrance and the side entrance. Lina is visiting a history museum tomorrow for a class project.,Lina dax use the side entrance tomorrow.,It is mip for Lina to use the side entrance tomorrow.,Lina may use the side entrance tomorrow.,It is possible for Lina to use the side entrance tomorrow.,"According to the rules or permissions described in the story, is Lina permitted to use the side entrance tomorrow?","Based on the information in the story, could Lina use the side entrance tomorrow?",Is the speaker using this sentence to say that the relevant rules or permissions allow Lina to use the side entrance tomorrow?,Is the speaker using this sentence to say that the available information leaves open whether Lina will use the side entrance tomorrow?,Yes | No | The story does not say,Yes | No,Yes | No,D+,E should not be ruled out,Expected root/deontic interpretation,Expected non-epistemic interpretation,"Positive-only training candidate. Context-only and whole-scenario norming should use exactly the same context order. For inversion items, specifically norm whether the familiar-English modal question introduces an unwanted permission bias. Candidate syntax pool is balanced across Declarative, Wh-question, and Yes/no inversion. Norming practice/example trials should remain declarative so they teach the semantic judgment without demonstrating a preferred question construction."
Training,T1,Museum entrance,Epistemic,Declarative,D unspecified,E+,past perfect / present progressive or stative,TE,N-E,E-N,"Lina visited a history museum this morning for a class project. Lina's classmate knows she entered through either the main entrance or the side entrance, but did not see which one.","Lina's classmate knows she entered through either the main entrance or the side entrance, but did not see which one. Lina visited a history museum this morning for a class project.",Lina dax have used the side entrance.,It is mip for Lina to have used the side entrance.,Lina may have used the side entrance.,It is possible for Lina to have used the side entrance.,"According to the rules or permissions described in the story, was Lina permitted to use the side entrance?","Based on the information in the story, could Lina have used the side entrance?",Is the speaker using this sentence to say that the relevant rules or permissions permitted Lina to use the side entrance?,Is the speaker using this sentence to say that the available information leaves open whether Lina used the side entrance?,Yes | No | The story does not say,Yes | No,Yes | No,D should be 'The story does not say',E+,Expected non-deontic interpretation,Expected epistemic interpretation,"Positive-only training candidate. Context-only and whole-scenario norming should use exactly the same context order. For inversion items, specifically norm whether the familiar-English modal question is compatible with an epistemic reading. Candidate syntax pool is balanced across Declarative, Wh-question, and Yes/no inversion. Norming practice/example trials should remain declarative so they teach the semantic judgment without demonstrating a preferred question construction."
Training,T2,Library rooms,Root/deontic,Wh-question,D+,E unspecified / not ruled out,future eventive,TR,N-D,D-N,Priya is doing research at the library tomorrow. Priya's researcher card lists both the reading room and the map room.,Priya's researcher card lists both the reading room and the map room. Priya is doing research at the library tomorrow.,Which room dax Priya work in tomorrow?,Which room is it mip for Priya to work in tomorrow?,Which room may Priya work in tomorrow?,Which room is it possible for Priya to work in tomorrow?,"According to the rules or permissions described in the story, is Priya permitted to work in the map room tomorrow?","Based on the information in the story, could Priya work in the map room tomorrow?",Is the speaker using this question to ask what the relevant rules or permissions allow Priya to do?,Is the speaker using this question to ask which possibility remains open based on the available information?,Yes | No | The story does not say,Yes | No,Yes | No,D+,E should not be ruled out,Expected root/deontic interpretation,Expected non-epistemic interpretation,"Positive-only training candidate. Context-only and whole-scenario norming should use exactly the same context order. For inversion items, specifically norm whether the familiar-English modal question introduces an unwanted permission bias. Candidate syntax pool is balanced across Declarative, Wh-question, and Yes/no inversion. Norming practice/example trials should remain declarative so they teach the semantic judgment without demonstrating a preferred question construction."
Training,T2,Library rooms,Epistemic,Wh-question,D unspecified,E+,past perfect / present progressive or stative,TE,N-E,E-N,Priya is doing research at the library right now. Priya's classmate knows she is in either the reading room or the map room but has not found her yet.,Priya's classmate knows she is in either the reading room or the map room but has not found her yet. Priya is doing research at the library right now.,Which room dax Priya be working in now?,Which room is it mip for Priya to be working in now?,Which room may Priya be working in now?,Which room is it possible for Priya to be working in now?,"According to the rules or permissions described in the story, is Priya permitted to work in the map room?","Based on the information in the story, could Priya be working in the map room now?",Is the speaker using this question to ask what the relevant rules or permissions allow Priya to do?,Is the speaker using this question to ask which possibility remains open based on the available information?,Yes | No | The story does not say,Yes | No,Yes | No,D should be 'The story does not say',E+,Expected non-deontic interpretation,Expected epistemic interpretation,"Positive-only training candidate. Context-only and whole-scenario norming should use exactly the same context order. For inversion items, specifically norm whether the familiar-English modal question is compatible with an epistemic reading. Candidate syntax pool is balanced across Declarative, Wh-question, and Yes/no inversion. Norming practice/example trials should remain declarative so they teach the semantic judgment without demonstrating a preferred question construction."
Training,T3,Community center,Root/deontic,Declarative,D+,E unspecified / not ruled out,future eventive,TR,N-D,D-N,Nora is going to the community center this afternoon. Nora's membership includes both the swimming pool and the climbing area.,Nora's membership includes both the swimming pool and the climbing area. Nora is going to the community center this afternoon.,Nora dax use the pool this afternoon.,It is mip for Nora to use the pool this afternoon.,Nora may use the pool this afternoon.,It is possible for Nora to use the pool this afternoon.,"According to the rules or permissions described in the story, is Nora permitted to use the pool this afternoon?","Based on the information in the story, could Nora use the pool this afternoon?",Is the speaker using this sentence to say that the relevant rules or permissions allow Nora to use the pool this afternoon?,Is the speaker using this sentence to say that the available information leaves open whether Nora will use the pool this afternoon?,Yes | No | The story does not say,Yes | No,Yes | No,D+,E should not be ruled out,Expected root/deontic interpretation,Expected non-epistemic interpretation,"Positive-only training candidate. Context-only and whole-scenario norming should use exactly the same context order. For inversion items, specifically norm whether the familiar-English modal question introduces an unwanted permission bias. Candidate syntax pool is balanced across Declarative, Wh-question, and Yes/no inversion. Norming practice/example trials should remain declarative so they teach the semantic judgment without demonstrating a preferred question construction."
Training,T3,Community center,Epistemic,Declarative,D unspecified,E+,past perfect / present progressive or stative,TE,N-E,E-N,"Nora is at the community center right now. The front desk knows Nora chose either swimming or climbing, but her activity was not recorded.","The front desk knows Nora chose either swimming or climbing, but her activity was not recorded. Nora is at the community center right now.",Nora dax be swimming now.,It is mip for Nora to be swimming now.,Nora may be swimming now.,It is possible for Nora to be swimming now.,"According to the rules or permissions described in the story, is Nora permitted to swim?","Based on the information in the story, could Nora be swimming now?",Is the speaker using this sentence to say that the relevant rules or permissions allow Nora to swim?,Is the speaker using this sentence to say that the available information leaves open whether Nora is swimming now?,Yes | No | The story does not say,Yes | No,Yes | No,D should be 'The story does not say',E+,Expected non-deontic interpretation,Expected epistemic interpretation,"Positive-only training candidate. Context-only and whole-scenario norming should use exactly the same context order. For inversion items, specifically norm whether the familiar-English modal question is compatible with an epistemic reading. Candidate syntax pool is balanced across Declarative, Wh-question, and Yes/no inversion. Norming practice/example trials should remain declarative so they teach the semantic judgment without demonstrating a preferred question construction."
Training,T4,Train,Root/deontic,Wh-question,D+,E unspecified / not ruled out,future eventive,TR,N-D,D-N,Kai is traveling home tomorrow. Kai's flexible ticket is valid on both the 3:15 train and the 4:00 train.,Kai's flexible ticket is valid on both the 3:15 train and the 4:00 train. Kai is traveling home tomorrow.,Which train dax Kai take tomorrow?,Which train is it mip for Kai to take tomorrow?,Which train may Kai take tomorrow?,Which train is it possible for Kai to take tomorrow?,"According to the rules or permissions described in the story, is Kai permitted to take the 4:00 train tomorrow?","Based on the information in the story, could Kai take the 4:00 train tomorrow?",Is the speaker using this question to ask what the relevant rules or permissions allow Kai to do?,Is the speaker using this question to ask which possibility remains open based on the available information?,Yes | No | The story does not say,Yes | No,Yes | No,D+,E should not be ruled out,Expected root/deontic interpretation,Expected non-epistemic interpretation,"Positive-only training candidate. Context-only and whole-scenario norming should use exactly the same context order. For inversion items, specifically norm whether the familiar-English modal question introduces an unwanted permission bias. Candidate syntax pool is balanced across Declarative, Wh-question, and Yes/no inversion. Norming practice/example trials should remain declarative so they teach the semantic judgment without demonstrating a preferred question construction."
Training,T4,Train,Epistemic,Wh-question,D unspecified,E+,past perfect / present progressive or stative,TE,N-E,E-N,Kai traveled home earlier today. Kai's friend knows he took either the 3:15 train or the 4:00 train but has not heard which one.,Kai's friend knows he took either the 3:15 train or the 4:00 train but has not heard which one. Kai traveled home earlier today.,Which train dax Kai have taken?,Which train is it mip for Kai to have taken?,Which train may Kai have taken?,Which train is it possible for Kai to have taken?,"According to the rules or permissions described in the story, was Kai permitted to take the 4:00 train?","Based on the information in the story, could Kai have taken the 4:00 train?",Is the speaker using this question to ask what the relevant rules or permissions allow Kai to do?,Is the speaker using this question to ask which possibility remains open based on the available information?,Yes | No | The story does not say,Yes | No,Yes | No,D should be 'The story does not say',E+,Expected non-deontic interpretation,Expected epistemic interpretation,"Positive-only training candidate. Context-only and whole-scenario norming should use exactly the same context order. For inversion items, specifically norm whether the familiar-English modal question is compatible with an epistemic reading. Candidate syntax pool is balanced across Declarative, Wh-question, and Yes/no inversion. Norming practice/example trials should remain declarative so they teach the semantic judgment without demonstrating a preferred question construction."
Training,T5,Parking,Root/deontic,Yes/no inversion,D+,E unspecified / not ruled out,future eventive,TR,N-D,D-N,Omar is driving to a concert tomorrow. Omar's parking sticker covers both the north lot and the west lot.,Omar's parking sticker covers both the north lot and the west lot. Omar is driving to a concert tomorrow.,Dax Omar park in the west lot tomorrow? — Yes.,Is it mip for Omar to park in the west lot tomorrow? — Yes.,May Omar park in the west lot tomorrow? — Yes.,Is it possible for Omar to park in the west lot tomorrow? — Yes.,"According to the rules or permissions described in the story, is Omar permitted to park in the west lot tomorrow?","Based on the information in the story, could Omar park in the west lot tomorrow?",Is the speaker using this question to ask whether Omar is permitted to park in the west lot?,Is the speaker using this question to ask whether the available information leaves open that Omar is / will be parked in the west lot?,Yes | No | The story does not say,Yes | No,Yes | No,D+,E should not be ruled out,Expected root/deontic interpretation,Expected non-epistemic interpretation,"Positive-only training candidate. Context-only and whole-scenario norming should use exactly the same context order. For inversion items, specifically norm whether the familiar-English modal question introduces an unwanted permission bias. Candidate syntax pool is balanced across Declarative, Wh-question, and Yes/no inversion. Norming practice/example trials should remain declarative so they teach the semantic judgment without demonstrating a preferred question construction."
Training,T5,Parking,Epistemic,Yes/no inversion,D unspecified,E+,past perfect / present progressive or stative,TE,N-E,E-N,"Omar drove to a concert earlier today. Omar's friends know his car is in either the north lot or the west lot, but they have not located it yet.","Omar's friends know his car is in either the north lot or the west lot, but they have not located it yet. Omar drove to a concert earlier today.",Dax Omar be parked in the west lot now? — Yes.,Is it mip for Omar to be parked in the west lot now? — Yes.,May Omar be parked in the west lot now? — Yes.,Is it possible for Omar to be parked in the west lot now? — Yes.,"According to the rules or permissions described in the story, was Omar permitted to park in the west lot?","Based on the information in the story, could Omar be parked in the west lot now?",Is the speaker using this question to ask whether Omar is permitted to park in the west lot?,Is the speaker using this question to ask whether the available information leaves open that Omar is / will be parked in the west lot?,Yes | No | The story does not say,Yes | No,Yes | No,D should be 'The story does not say',E+,Expected non-deontic interpretation,Expected epistemic interpretation,"Positive-only training candidate. Context-only and whole-scenario norming should use exactly the same context order. For inversion items, specifically norm whether the familiar-English modal question is compatible with an epistemic reading. Candidate syntax pool is balanced across Declarative, Wh-question, and Yes/no inversion. Norming practice/example trials should remain declarative so they teach the semantic judgment without demonstrating a preferred question construction."
Training,T6,Theater,Root/deontic,Yes/no inversion,D+,E unspecified / not ruled out,future eventive,TR,N-D,D-N,Maya is going to a play tonight with her drama club. Maya's silver ticket is accepted in either the main-floor section or the balcony.,Maya's silver ticket is accepted in either the main-floor section or the balcony. Maya is going to a play tonight with her drama club.,Dax Maya sit in the balcony tonight? — Yes.,Is it mip for Maya to sit in the balcony tonight? — Yes.,May Maya sit in the balcony tonight? — Yes.,Is it possible for Maya to sit in the balcony tonight? — Yes.,"According to the rules or permissions described in the story, is Maya permitted to sit in the balcony tonight?","Based on the information in the story, could Maya sit in the balcony tonight?",Is the speaker using this question to ask whether Maya is permitted to sit in the balcony?,Is the speaker using this question to ask whether the available information leaves open that Maya is / will be sitting in the balcony?,Yes | No | The story does not say,Yes | No,Yes | No,D+,E should not be ruled out,Expected root/deontic interpretation,Expected non-epistemic interpretation,"Positive-only training candidate. Context-only and whole-scenario norming should use exactly the same context order. For inversion items, specifically norm whether the familiar-English modal question introduces an unwanted permission bias. Candidate syntax pool is balanced across Declarative, Wh-question, and Yes/no inversion. Norming practice/example trials should remain declarative so they teach the semantic judgment without demonstrating a preferred question construction."
Training,T6,Theater,Epistemic,Yes/no inversion,D unspecified,E+,past perfect / present progressive or stative,TE,N-E,E-N,Maya is watching a play right now with her drama club. Maya's friends know her seat is either on the main floor or in the balcony but cannot see her from where they are sitting.,Maya's friends know her seat is either on the main floor or in the balcony but cannot see her from where they are sitting. Maya is watching a play right now with her drama club.,Dax Maya be sitting in the balcony now? — Yes.,Is it mip for Maya to be sitting in the balcony now? — Yes.,May Maya be sitting in the balcony now? — Yes.,Is it possible for Maya to be sitting in the balcony now? — Yes.,"According to the rules or permissions described in the story, is Maya permitted to sit in the balcony?","Based on the information in the story, could Maya be sitting in the balcony now?",Is the speaker using this question to ask whether Maya is permitted to sit in the balcony?,Is the speaker using this question to ask whether the available information leaves open that Maya is / will be sitting in the balcony?,Yes | No | The story does not say,Yes | No,Yes | No,D should be 'The story does not say',E+,Expected non-deontic interpretation,Expected epistemic interpretation,"Positive-only training candidate. Context-only and whole-scenario norming should use exactly the same context order. For inversion items, specifically norm whether the familiar-English modal question is compatible with an epistemic reading. Candidate syntax pool is balanced across Declarative, Wh-question, and Yes/no inversion. Norming practice/example trials should remain declarative so they teach the semantic judgment without demonstrating a preferred question construction."
Training,T7,Art studio,Root/deontic,Declarative,D+,E unspecified / not ruled out,future eventive,TR,N-D,D-N,"Eli is taking an art workshop tomorrow. Eli completed the advanced course last month, which qualifies him to use both the ceramics studio and the print room.","Eli completed the advanced course last month, which qualifies him to use both the ceramics studio and the print room. Eli is taking an art workshop tomorrow.",Eli dax use the print room tomorrow.,It is mip for Eli to use the print room tomorrow.,Eli may use the print room tomorrow.,It is possible for Eli to use the print room tomorrow.,"According to the rules or permissions described in the story, is Eli permitted to use the print room tomorrow?","Based on the information in the story, could Eli use the print room tomorrow?",Is the speaker using this sentence to say that the relevant rules or permissions allow Eli to use the print room tomorrow?,Is the speaker using this sentence to say that the available information leaves open whether Eli will use the print room tomorrow?,Yes | No | The story does not say,Yes | No,Yes | No,D+,E should not be ruled out,Expected root/deontic interpretation,Expected non-epistemic interpretation,"Positive-only training candidate. Context-only and whole-scenario norming should use exactly the same context order. For inversion items, specifically norm whether the familiar-English modal question introduces an unwanted permission bias. Candidate syntax pool is balanced across Declarative, Wh-question, and Yes/no inversion. Norming practice/example trials should remain declarative so they teach the semantic judgment without demonstrating a preferred question construction."
Training,T7,Art studio,Epistemic,Declarative,D unspecified,E+,past perfect / present progressive or stative,TE,N-E,E-N,Eli attended an art workshop this morning. The instructor knows Eli spent the second half of class either in the ceramics studio or in the print room but does not remember which.,The instructor knows Eli spent the second half of class either in the ceramics studio or in the print room but does not remember which. Eli attended an art workshop this morning.,Eli dax have worked in the print room this morning.,It is mip for Eli to have worked in the print room this morning.,Eli may have worked in the print room this morning.,It is possible for Eli to have worked in the print room this morning.,"According to the rules or permissions described in the story, was Eli permitted to work in the print room?","Based on the information in the story, could Eli have worked in the print room this morning?",Is the speaker using this sentence to say that the relevant rules or permissions permitted Eli to work in the print room?,Is the speaker using this sentence to say that the available information leaves open whether Eli worked in the print room this morning?,Yes | No | The story does not say,Yes | No,Yes | No,D should be 'The story does not say',E+,Expected non-deontic interpretation,Expected epistemic interpretation,"Positive-only training candidate. Context-only and whole-scenario norming should use exactly the same context order. For inversion items, specifically norm whether the familiar-English modal question is compatible with an epistemic reading. Candidate syntax pool is balanced across Declarative, Wh-question, and Yes/no inversion. Norming practice/example trials should remain declarative so they teach the semantic judgment without demonstrating a preferred question construction."
Training,T8,Ferry,Root/deontic,Wh-question,D+,E unspecified / not ruled out,future eventive,TR,N-D,D-N,"Sofia is taking a ferry tomorrow for a family trip. Sofia's ticket is marked “all decks,” including both the lower and upper decks.","Sofia's ticket is marked “all decks,” including both the lower and upper decks. Sofia is taking a ferry tomorrow for a family trip.",Which deck dax Sofia sit on tomorrow?,Which deck is it mip for Sofia to sit on tomorrow?,Which deck may Sofia sit on tomorrow?,Which deck is it possible for Sofia to sit on tomorrow?,"According to the rules or permissions described in the story, is Sofia permitted to sit on the upper deck tomorrow?","Based on the information in the story, could Sofia sit on the upper deck tomorrow?",Is the speaker using this question to ask what the relevant rules or permissions allow Sofia to do?,Is the speaker using this question to ask which possibility remains open based on the available information?,Yes | No | The story does not say,Yes | No,Yes | No,D+,E should not be ruled out,Expected root/deontic interpretation,Expected non-epistemic interpretation,"Positive-only training candidate. Context-only and whole-scenario norming should use exactly the same context order. For inversion items, specifically norm whether the familiar-English modal question introduces an unwanted permission bias. Candidate syntax pool is balanced across Declarative, Wh-question, and Yes/no inversion. Norming practice/example trials should remain declarative so they teach the semantic judgment without demonstrating a preferred question construction."
Training,T8,Ferry,Epistemic,Wh-question,D unspecified,E+,past perfect / present progressive or stative,TE,N-E,E-N,"Sofia is on the ferry right now. Sofia's family knows she chose either the lower deck or the upper deck, but they have not found her yet.","Sofia's family knows she chose either the lower deck or the upper deck, but they have not found her yet. Sofia is on the ferry right now.",Which deck dax Sofia be sitting on now?,Which deck is it mip for Sofia to be sitting on now?,Which deck may Sofia be sitting on now?,Which deck is it possible for Sofia to be sitting on now?,"According to the rules or permissions described in the story, is Sofia permitted to sit on the upper deck?","Based on the information in the story, could Sofia be sitting on the upper deck now?",Is the speaker using this question to ask what the relevant rules or permissions allow Sofia to do?,Is the speaker using this question to ask which possibility remains open based on the available information?,Yes | No | The story does not say,Yes | No,Yes | No,D should be 'The story does not say',E+,Expected non-deontic interpretation,Expected epistemic interpretation,"Positive-only training candidate. Context-only and whole-scenario norming should use exactly the same context order. For inversion items, specifically norm whether the familiar-English modal question is compatible with an epistemic reading. Candidate syntax pool is balanced across Declarative, Wh-question, and Yes/no inversion. Norming practice/example trials should remain declarative so they teach the semantic judgment without demonstrating a preferred question construction."
Training,T9,Festival gate,Root/deontic,Yes/no inversion,D+,E unspecified / not ruled out,future eventive,TR,N-D,D-N,Mateo is going to a music festival tonight. Mateo's staff wristband is valid at both the north gate and the south gate.,Mateo's staff wristband is valid at both the north gate and the south gate. Mateo is going to a music festival tonight.,Dax Mateo enter through the south gate tonight? — Yes.,Is it mip for Mateo to enter through the south gate tonight? — Yes.,May Mateo enter through the south gate tonight? — Yes.,Is it possible for Mateo to enter through the south gate tonight? — Yes.,"According to the rules or permissions described in the story, is Mateo permitted to enter through the south gate tonight?","Based on the information in the story, could Mateo enter through the south gate tonight?",Is the speaker using this question to ask whether Mateo is permitted to enter through the south gate?,Is the speaker using this question to ask whether the available information leaves open that Mateo entered / will enter through the south gate?,Yes | No | The story does not say,Yes | No,Yes | No,D+,E should not be ruled out,Expected root/deontic interpretation,Expected non-epistemic interpretation,"Positive-only training candidate. Context-only and whole-scenario norming should use exactly the same context order. For inversion items, specifically norm whether the familiar-English modal question introduces an unwanted permission bias. Candidate syntax pool is balanced across Declarative, Wh-question, and Yes/no inversion. Norming practice/example trials should remain declarative so they teach the semantic judgment without demonstrating a preferred question construction."
Training,T9,Festival gate,Epistemic,Yes/no inversion,D unspecified,E+,past perfect / present progressive or stative,TE,N-E,E-N,"Mateo arrived at a music festival earlier tonight. Mateo's friends know he entered through either the north gate or the south gate, but no one saw him arrive.","Mateo's friends know he entered through either the north gate or the south gate, but no one saw him arrive. Mateo arrived at a music festival earlier tonight.",Dax Mateo have entered through the south gate? — Yes.,Is it mip for Mateo to have entered through the south gate? — Yes.,May Mateo have entered through the south gate? — Yes.,Is it possible for Mateo to have entered through the south gate? — Yes.,"According to the rules or permissions described in the story, was Mateo permitted to enter through the south gate?","Based on the information in the story, could Mateo have entered through the south gate?",Is the speaker using this question to ask whether Mateo is permitted to enter through the south gate?,Is the speaker using this question to ask whether the available information leaves open that Mateo entered / will enter through the south gate?,Yes | No | The story does not say,Yes | No,Yes | No,D should be 'The story does not say',E+,Expected non-deontic interpretation,Expected epistemic interpretation,"Positive-only training candidate. Context-only and whole-scenario norming should use exactly the same context order. For inversion items, specifically norm whether the familiar-English modal question is compatible with an epistemic reading. Candidate syntax pool is balanced across Declarative, Wh-question, and Yes/no inversion. Norming practice/example trials should remain declarative so they teach the semantic judgment without demonstrating a preferred question construction."
Training,T10,Workshop equipment,Root/deontic,Wh-question,D+,E unspecified / not ruled out,future eventive,TR,N-D,D-N,Ben is working in a community workshop tomorrow. Ben's safety certificate lists both the power drill and the laser cutter.,Ben's safety certificate lists both the power drill and the laser cutter. Ben is working in a community workshop tomorrow.,Which tool dax Ben use tomorrow?,Which tool is it mip for Ben to use tomorrow?,Which tool may Ben use tomorrow?,Which tool is it possible for Ben to use tomorrow?,"According to the rules or permissions described in the story, is Ben permitted to use the laser cutter tomorrow?","Based on the information in the story, could Ben use the laser cutter tomorrow?",Is the speaker using this question to ask what the relevant rules or permissions allow Ben to do?,Is the speaker using this question to ask which possibility remains open based on the available information?,Yes | No | The story does not say,Yes | No,Yes | No,D+,E should not be ruled out,Expected root/deontic interpretation,Expected non-epistemic interpretation,"Positive-only training candidate. Context-only and whole-scenario norming should use exactly the same context order. For inversion items, specifically norm whether the familiar-English modal question introduces an unwanted permission bias. Candidate syntax pool is balanced across Declarative, Wh-question, and Yes/no inversion. Norming practice/example trials should remain declarative so they teach the semantic judgment without demonstrating a preferred question construction."
Training,T10,Workshop equipment,Epistemic,Wh-question,D unspecified,E+,past perfect / present progressive or stative,TE,N-E,E-N,Ben is working in a community workshop right now. Ben's coworker knows his project uses either the power drill or the laser cutter but cannot see which machine he chose.,Ben's coworker knows his project uses either the power drill or the laser cutter but cannot see which machine he chose. Ben is working in a community workshop right now.,Which tool dax Ben be using now?,Which tool is it mip for Ben to be using now?,Which tool may Ben be using now?,Which tool is it possible for Ben to be using now?,"According to the rules or permissions described in the story, is Ben permitted to use the laser cutter?","Based on the information in the story, could Ben be using the laser cutter now?",Is the speaker using this question to ask what the relevant rules or permissions allow Ben to do?,Is the speaker using this question to ask which possibility remains open based on the available information?,Yes | No | The story does not say,Yes | No,Yes | No,D should be 'The story does not say',E+,Expected non-deontic interpretation,Expected epistemic interpretation,"Positive-only training candidate. Context-only and whole-scenario norming should use exactly the same context order. For inversion items, specifically norm whether the familiar-English modal question is compatible with an epistemic reading. Candidate syntax pool is balanced across Declarative, Wh-question, and Yes/no inversion. Norming practice/example trials should remain declarative so they teach the semantic judgment without demonstrating a preferred question construction."
Training,T11,Community kitchen,Root/deontic,Yes/no inversion,D+,E unspecified / not ruled out,future eventive,TR,N-D,D-N,Nina is volunteering at a community center tomorrow. Nina completed the food-safety course required for both the preparation and cooking stations.,Nina completed the food-safety course required for both the preparation and cooking stations. Nina is volunteering at a community center tomorrow.,Dax Nina work at the cooking station tomorrow? — Yes.,Is it mip for Nina to work at the cooking station tomorrow? — Yes.,May Nina work at the cooking station tomorrow? — Yes.,Is it possible for Nina to work at the cooking station tomorrow? — Yes.,"According to the rules or permissions described in the story, is Nina permitted to work at the cooking station tomorrow?","Based on the information in the story, could Nina work at the cooking station tomorrow?",Is the speaker using this question to ask whether Nina is permitted to work at the cooking station?,Is the speaker using this question to ask whether the available information leaves open that Nina is / will be working at the cooking station?,Yes | No | The story does not say,Yes | No,Yes | No,D+,E should not be ruled out,Expected root/deontic interpretation,Expected non-epistemic interpretation,"Positive-only training candidate. Context-only and whole-scenario norming should use exactly the same context order. For inversion items, specifically norm whether the familiar-English modal question introduces an unwanted permission bias. Candidate syntax pool is balanced across Declarative, Wh-question, and Yes/no inversion. Norming practice/example trials should remain declarative so they teach the semantic judgment without demonstrating a preferred question construction."
Training,T11,Community kitchen,Epistemic,Yes/no inversion,D unspecified,E+,past perfect / present progressive or stative,TE,N-E,E-N,Nina is volunteering at the community center right now. Nina's coordinator knows she was assigned either to food preparation or to cooking but has not checked which station she is at.,Nina's coordinator knows she was assigned either to food preparation or to cooking but has not checked which station she is at. Nina is volunteering at the community center right now.,Dax Nina be working at the cooking station now? — Yes.,Is it mip for Nina to be working at the cooking station now? — Yes.,May Nina be working at the cooking station now? — Yes.,Is it possible for Nina to be working at the cooking station now? — Yes.,"According to the rules or permissions described in the story, is Nina permitted to work at the cooking station?","Based on the information in the story, could Nina be working at the cooking station now?",Is the speaker using this question to ask whether Nina is permitted to work at the cooking station?,Is the speaker using this question to ask whether the available information leaves open that Nina is / will be working at the cooking station?,Yes | No | The story does not say,Yes | No,Yes | No,D should be 'The story does not say',E+,Expected non-deontic interpretation,Expected epistemic interpretation,"Positive-only training candidate. Context-only and whole-scenario norming should use exactly the same context order. For inversion items, specifically norm whether the familiar-English modal question is compatible with an epistemic reading. Candidate syntax pool is balanced across Declarative, Wh-question, and Yes/no inversion. Norming practice/example trials should remain declarative so they teach the semantic judgment without demonstrating a preferred question construction."
Training,T12,College lab,Root/deontic,Declarative,D+,E unspecified / not ruled out,future eventive,TR,N-D,D-N,Daniel is doing an experiment tomorrow. Daniel's new safety qualification covers both Lab A and Lab B.,Daniel's new safety qualification covers both Lab A and Lab B. Daniel is doing an experiment tomorrow.,Daniel dax work in Lab B tomorrow.,It is mip for Daniel to work in Lab B tomorrow.,Daniel may work in Lab B tomorrow.,It is possible for Daniel to work in Lab B tomorrow.,"According to the rules or permissions described in the story, is Daniel permitted to work in Lab B tomorrow?","Based on the information in the story, could Daniel work in Lab B tomorrow?",Is the speaker using this sentence to say that the relevant rules or permissions allow Daniel to work in Lab B tomorrow?,Is the speaker using this sentence to say that the available information leaves open whether Daniel will work in Lab B tomorrow?,Yes | No | The story does not say,Yes | No,Yes | No,D+,E should not be ruled out,Expected root/deontic interpretation,Expected non-epistemic interpretation,"Positive-only training candidate. Context-only and whole-scenario norming should use exactly the same context order. For inversion items, specifically norm whether the familiar-English modal question introduces an unwanted permission bias. Candidate syntax pool is balanced across Declarative, Wh-question, and Yes/no inversion. Norming practice/example trials should remain declarative so they teach the semantic judgment without demonstrating a preferred question construction."
Training,T12,College lab,Epistemic,Declarative,D unspecified,E+,past perfect / present progressive or stative,TE,N-E,E-N,"Daniel is doing an experiment right now. Daniel's supervisor knows he is in either Lab A or Lab B, but the room log has not been updated.","Daniel's supervisor knows he is in either Lab A or Lab B, but the room log has not been updated. Daniel is doing an experiment right now.",Daniel dax be in Lab B now.,It is mip for Daniel to be in Lab B now.,Daniel may be in Lab B now.,It is possible for Daniel to be in Lab B now.,"According to the rules or permissions described in the story, is Daniel permitted to work in Lab B?","Based on the information in the story, could Daniel be in Lab B now?",Is the speaker using this sentence to say that the relevant rules or permissions allow Daniel to work in Lab B?,Is the speaker using this sentence to say that the available information leaves open whether Daniel is in Lab B now?,Yes | No | The story does not say,Yes | No,Yes | No,D should be 'The story does not say',E+,Expected non-deontic interpretation,Expected epistemic interpretation,"Positive-only training candidate. Context-only and whole-scenario norming should use exactly the same context order. For inversion items, specifically norm whether the familiar-English modal question is compatible with an epistemic reading. Candidate syntax pool is balanced across Declarative, Wh-question, and Yes/no inversion. Norming practice/example trials should remain declarative so they teach the semantic judgment without demonstrating a preferred question construction."
