record_type,phase,item_id,domain,direction_or_condition,syntax,D_status,E_status,information_order,temporal_orientation,context,functional_auxiliary_target,lexical_adjective_target,expected_response,comprehension_probe_example,notes
GENERAL_NOTE,,,,,,,,,,,,,,,Nonce forms are DAX for the functional auxiliary and MIP for the lexical adjective in this draft; counterbalance nonce forms across morphosyntactic conditions in the final experiment.
GENERAL_NOTE,Training,,,,,,,,,,,,,,Training is positive-only. Participants overhear native speakers and do not judge DAX/MIP. Occasional comprehension questions should test story details rather than the nonce word.
GENERAL_NOTE,Training,,,,,,,,,,,,,,"Root training is restricted to deontic/permission possibility for Experiment 1. Root targets are future-oriented eventives; epistemic targets use past perfect, present progressive, or present stative environments."
GENERAL_NOTE,Training,,,,,,,,,,,,,,Include some subject-auxiliary inversion during training to establish auxiliary status. Negation is excluded because possibility modals can interact ambiguously with negation.
GENERAL_NOTE,Test,,,,,,,,,,,,,,Critical trials make deontic and epistemic interpretations disagree. Root-to-epistemic critical trials are D-E+; epistemic-to-root critical trials are D+E-.
GENERAL_NOTE,Test,,,,,,,,,,,,,,Critical test targets are kept syntactically conservative. Temporal-orientation cues are retained in Experiment 1 because they are part of the acquisition hypothesis.
GENERAL_NOTE,Filler,,,,,,,,,,,,,,"Fillers also contain the nonce word. Half are D+E+ and half D-E-, so deontic and epistemic interpretations converge on the same response. Their purpose is to obscure the flavor manipulation, not merely to act as easy attention checks."
GENERAL_NOTE,Test/Filler,,,,,,,,,,,,,,"Vary discourse structure, information order, deontic wording, epistemic evidence, and integrated background details so that no prose template reveals which information is diagnostic."
GENERAL_NOTE,Test/Filler,,,,,,,,,,,,,,"For critical items, norm at least two contrasting discourse orders. Prefer items whose D/E interpretation is robust across orderings rather than statistically correcting a fragile item."
GENERAL_NOTE,Test,,,,,,,,,,,,,,The first test trial should be critical so that a filler containing the nonce word in a new temporal/aspectual environment does not alter the representation before initial transfer is measured.
STIMULUS,Training,T1,Museum entrance,Root/deontic,Declarative,,,,future eventive,Lina is visiting a history museum tomorrow for a class project. Her green visitor badge is valid at both the main entrance and the side entrance.,Lina dax use the side entrance tomorrow.,It is mip for Lina to use the side entrance tomorrow.,,What kind of project is Lina doing?,Candidate training item. Select approximately 6 after norming/piloting. The paired root and epistemic versions match domain and complexity but intentionally differ in modal-background information.
STIMULUS,Training,T1,Museum entrance,Epistemic,Declarative,,,,past perfect,"Lina visited a history museum this morning for a class project. Her classmate knows she entered through either the main entrance or the side entrance, but did not see which one.",Lina dax have used the side entrance.,It is mip for Lina to have used the side entrance.,,Which two entrances are mentioned?,Candidate training item. Select approximately 6 after norming/piloting. The paired root and epistemic versions match domain and complexity but intentionally differ in modal-background information.
STIMULUS,Training,T2,Library rooms,Root/deontic,Declarative,,,,future eventive,Priya is doing research at the library tomorrow. Her researcher card lists both the reading room and the map room.,Priya dax work in the map room tomorrow.,It is mip for Priya to work in the map room tomorrow.,,What is Priya doing at the library?,Candidate training item. Select approximately 6 after norming/piloting. The paired root and epistemic versions match domain and complexity but intentionally differ in modal-background information.
STIMULUS,Training,T2,Library rooms,Epistemic,Declarative,,,,present progressive,Priya is doing research at the library right now. Her classmate knows she is in either the reading room or the map room but has not found her yet.,Priya dax be working in the map room now.,It is mip for Priya to be working in the map room now.,,Who is trying to locate Priya?,Candidate training item. Select approximately 6 after norming/piloting. The paired root and epistemic versions match domain and complexity but intentionally differ in modal-background information.
STIMULUS,Training,T3,Community center,Root/deontic,Declarative,,,,future eventive,Nora is going to the community center this afternoon. Her membership includes both the swimming pool and the climbing area.,Nora dax use the pool this afternoon.,It is mip for Nora to use the pool this afternoon.,,Which two activities are included in Nora's membership?,Candidate training item. Select approximately 6 after norming/piloting. The paired root and epistemic versions match domain and complexity but intentionally differ in modal-background information.
STIMULUS,Training,T3,Community center,Epistemic,Declarative,,,,present progressive,"Nora is at the community center right now. The front desk knows she chose either swimming or climbing, but her activity was not recorded.",Nora dax be swimming now.,It is mip for Nora to be swimming now.,,Was Nora's activity recorded?,Candidate training item. Select approximately 6 after norming/piloting. The paired root and epistemic versions match domain and complexity but intentionally differ in modal-background information.
STIMULUS,Training,T4,Train,Root/deontic,Declarative,,,,future eventive,Kai is traveling home tomorrow. His flexible ticket is valid on both the 3:15 train and the 4:00 train.,Kai dax take the 4:00 train tomorrow.,It is mip for Kai to take the 4:00 train tomorrow.,,What kind of ticket does Kai have?,Candidate training item. Select approximately 6 after norming/piloting. The paired root and epistemic versions match domain and complexity but intentionally differ in modal-background information.
STIMULUS,Training,T4,Train,Epistemic,Declarative,,,,past perfect,Kai traveled home earlier today. His friend knows he took either the 3:15 train or the 4:00 train but has not heard which one.,Kai dax have taken the 4:00 train.,It is mip for Kai to have taken the 4:00 train.,,What two train times are possible?,Candidate training item. Select approximately 6 after norming/piloting. The paired root and epistemic versions match domain and complexity but intentionally differ in modal-background information.
STIMULUS,Training,T5,Parking,Root/deontic,Yes/no inversion,,,,future eventive,Omar is driving to a concert tomorrow. His parking sticker covers both the north lot and the west lot.,Dax Omar park in the west lot tomorrow? — Yes.,Is it mip for Omar to park in the west lot tomorrow? — Yes.,,Where is Omar going tomorrow?,Candidate training item. Select approximately 6 after norming/piloting. The paired root and epistemic versions match domain and complexity but intentionally differ in modal-background information.
STIMULUS,Training,T5,Parking,Epistemic,Yes/no inversion,,,,present stative,"Omar drove to a concert earlier today. His friends know his car is in either the north lot or the west lot, but they have not located it yet.",Dax Omar be parked in the west lot now? — Yes.,Is it mip for Omar to be parked in the west lot now? — Yes.,,Have Omar's friends located his car yet?,Candidate training item. Select approximately 6 after norming/piloting. The paired root and epistemic versions match domain and complexity but intentionally differ in modal-background information.
STIMULUS,Training,T6,Theater,Root/deontic,Yes/no inversion,,,,future eventive,Maya is going to a play tonight with her drama club. Her silver ticket is accepted in either the main-floor section or the balcony.,Dax Maya sit in the balcony tonight? — Yes.,Is it mip for Maya to sit in the balcony tonight? — Yes.,,Who is Maya going to the play with?,Candidate training item. Select approximately 6 after norming/piloting. The paired root and epistemic versions match domain and complexity but intentionally differ in modal-background information.
STIMULUS,Training,T6,Theater,Epistemic,Yes/no inversion,,,,present progressive,Maya is watching a play right now with her drama club. Her friends know her seat is either on the main floor or in the balcony but cannot see her from where they are sitting.,Dax Maya be sitting in the balcony now? — Yes.,Is it mip for Maya to be sitting in the balcony now? — Yes.,,Can Maya's friends see where she is sitting?,Candidate training item. Select approximately 6 after norming/piloting. The paired root and epistemic versions match domain and complexity but intentionally differ in modal-background information.
STIMULUS,Training,T7,Art studio,Root/deontic,Declarative,,,,future eventive,"Eli is taking an art workshop tomorrow. Completing the advanced course qualifies students to use both the ceramics studio and the print room, and Eli completed it last month.",Eli dax use the print room tomorrow.,It is mip for Eli to use the print room tomorrow.,,What course did Eli complete?,Candidate training item. Select approximately 6 after norming/piloting. The paired root and epistemic versions match domain and complexity but intentionally differ in modal-background information.
STIMULUS,Training,T7,Art studio,Epistemic,Declarative,,,,past perfect,Eli attended an art workshop this morning. The instructor knows he spent the second half of class either in the ceramics studio or in the print room but does not remember which.,Eli dax have worked in the print room this morning.,It is mip for Eli to have worked in the print room this morning.,,Who does not remember which room Eli used?,Candidate training item. Select approximately 6 after norming/piloting. The paired root and epistemic versions match domain and complexity but intentionally differ in modal-background information.
STIMULUS,Training,T8,Ferry,Root/deontic,Declarative,,,,future eventive,"Sofia is taking a ferry tomorrow for a family trip. Her ticket is marked “all decks,” including both the lower and upper decks.",Sofia dax sit on the upper deck tomorrow.,It is mip for Sofia to sit on the upper deck tomorrow.,,Why is Sofia taking the ferry?,Candidate training item. Select approximately 6 after norming/piloting. The paired root and epistemic versions match domain and complexity but intentionally differ in modal-background information.
STIMULUS,Training,T8,Ferry,Epistemic,Declarative,,,,present progressive,"Sofia is on the ferry right now. Her family knows she chose either the lower deck or the upper deck, but they have not found her yet.",Sofia dax be sitting on the upper deck now.,It is mip for Sofia to be sitting on the upper deck now.,,Has Sofia's family found her yet?,Candidate training item. Select approximately 6 after norming/piloting. The paired root and epistemic versions match domain and complexity but intentionally differ in modal-background information.
STIMULUS,Training,T9,Festival gate,Root/deontic,Yes/no inversion,,,,future eventive,Mateo is going to a music festival tonight. His staff wristband is valid at both the north gate and the south gate.,Dax Mateo enter through the south gate tonight? — Yes.,Is it mip for Mateo to enter through the south gate tonight? — Yes.,,What kind of wristband does Mateo have?,Candidate training item. Select approximately 6 after norming/piloting. The paired root and epistemic versions match domain and complexity but intentionally differ in modal-background information.
STIMULUS,Training,T9,Festival gate,Epistemic,Yes/no inversion,,,,past perfect,"Mateo arrived at a music festival earlier tonight. His friends know he entered through either the north gate or the south gate, but no one saw him arrive.",Dax Mateo have entered through the south gate? — Yes.,Is it mip for Mateo to have entered through the south gate? — Yes.,,Did anyone see Mateo arrive?,Candidate training item. Select approximately 6 after norming/piloting. The paired root and epistemic versions match domain and complexity but intentionally differ in modal-background information.
STIMULUS,Training,T10,Workshop equipment,Root/deontic,Declarative,,,,future eventive,Ben is working in a community workshop tomorrow. His safety certificate lists both the power drill and the laser cutter.,Ben dax use the laser cutter tomorrow.,It is mip for Ben to use the laser cutter tomorrow.,,Which two tools are listed on Ben's certificate?,Candidate training item. Select approximately 6 after norming/piloting. The paired root and epistemic versions match domain and complexity but intentionally differ in modal-background information.
STIMULUS,Training,T10,Workshop equipment,Epistemic,Declarative,,,,present progressive,Ben is working in a community workshop right now. His coworker knows his project uses either the power drill or the laser cutter but cannot see which machine he chose.,Ben dax be using the laser cutter now.,It is mip for Ben to be using the laser cutter now.,,Can Ben's coworker see which machine he chose?,Candidate training item. Select approximately 6 after norming/piloting. The paired root and epistemic versions match domain and complexity but intentionally differ in modal-background information.
STIMULUS,Training,T11,Community kitchen,Root/deontic,Declarative,,,,future eventive,Nina is volunteering at a community center tomorrow. She completed the food-safety course required for both the preparation and cooking stations.,Nina dax work at the cooking station tomorrow.,It is mip for Nina to work at the cooking station tomorrow.,,What course did Nina complete?,Candidate training item. Select approximately 6 after norming/piloting. The paired root and epistemic versions match domain and complexity but intentionally differ in modal-background information.
STIMULUS,Training,T11,Community kitchen,Epistemic,Declarative,,,,present progressive,Nina is volunteering at the community center right now. Her coordinator knows she was assigned either to food preparation or to cooking but has not checked which station she is at.,Nina dax be working at the cooking station now.,It is mip for Nina to be working at the cooking station now.,,Who has not checked Nina's station?,Candidate training item. Select approximately 6 after norming/piloting. The paired root and epistemic versions match domain and complexity but intentionally differ in modal-background information.
STIMULUS,Training,T12,College lab,Root/deontic,Declarative,,,,future eventive,Daniel is doing an experiment tomorrow. His new safety qualification covers both Lab A and Lab B.,Daniel dax work in Lab B tomorrow.,It is mip for Daniel to work in Lab B tomorrow.,,What is Daniel doing tomorrow?,Candidate training item. Select approximately 6 after norming/piloting. The paired root and epistemic versions match domain and complexity but intentionally differ in modal-background information.
STIMULUS,Training,T12,College lab,Epistemic,Declarative,,,,present stative,"Daniel is doing an experiment right now. His supervisor knows he is in either Lab A or Lab B, but the room log has not been updated.",Daniel dax be in Lab B now.,It is mip for Daniel to be in Lab B now.,,Has the room log been updated?,Candidate training item. Select approximately 6 after norming/piloting. The paired root and epistemic versions match domain and complexity but intentionally differ in modal-background information.
STIMULUS,Critical Test,C1,Museum archive,Root→Epistemic,Declarative,D-,E+,E-N-D,past perfect,"The museum’s location record has a gap after lunch, and none of Lina’s classmates saw where she went. She is collecting material there for a history project. The archive is reserved for registered researchers, while Lina has a regular visitor badge.",Lina dax have gone into the archive.,It is mip for Lina to have gone into the archive.,Accept if participant generalizes to the target flavor; reject if they retain only the trained flavor.,,Critical transfer candidate. Create and norm at least one contrasting information-order version. Prefer items whose D/E interpretation is robust across orderings.
STIMULUS,Critical Test,C1,Museum archive,Epistemic→Root,Declarative,D+,E-,N-E-D,future eventive,"Lina is working on a history project at the museum tomorrow. Her finalized itinerary says she will spend the morning with the public tour and leave immediately afterward, and she has confirmed that schedule with her classmates. Lina is registered as a visiting researcher, which includes archive privileges.",Lina dax enter the archive tomorrow.,It is mip for Lina to enter the archive tomorrow.,Accept if participant generalizes to the target flavor; reject if they retain only the trained flavor.,,Critical transfer candidate. Create and norm at least one contrasting information-order version. Prefer items whose D/E interpretation is robust across orderings.
STIMULUS,Critical Test,C2,Library map room,Root→Epistemic,Declarative,D-,E+,D-N-E,present progressive,"The map room is reserved for people with research cards, and Priya is visiting on a standard day pass. She is at the library preparing a presentation with several classmates. Her classmates cannot find her right now, and the room-location board has not been updated.",Priya dax be working in the map room now.,It is mip for Priya to be working in the map room now.,Accept if participant generalizes to the target flavor; reject if they retain only the trained flavor.,,Critical transfer candidate. Create and norm at least one contrasting information-order version. Prefer items whose D/E interpretation is robust across orderings.
STIMULUS,Critical Test,C2,Library map room,Epistemic→Root,Declarative,D+,E-,E-D-N,future eventive,"Priya submitted her final room reservation for tomorrow, and it lists the main reading room rather than the map room; she confirmed that choice with her group this afternoon. Her research card covers use of the map room. She is preparing materials for a history presentation.",Priya dax work in the map room tomorrow.,It is mip for Priya to work in the map room tomorrow.,Accept if participant generalizes to the target flavor; reject if they retain only the trained flavor.,,Critical transfer candidate. Create and norm at least one contrasting information-order version. Prefer items whose D/E interpretation is robust across orderings.
STIMULUS,Critical Test,C3,Community workshop,Root→Epistemic,Declarative,D-,E+,N-D-E,present progressive,"Ben is building a wooden sign at the community workshop this afternoon. The laser cutter is reserved for people with an advanced safety certificate, and Ben has only completed the introductory course. His coworker is in another room and cannot tell which machine Ben is using.",Ben dax be using the laser cutter now.,It is mip for Ben to be using the laser cutter now.,Accept if participant generalizes to the target flavor; reject if they retain only the trained flavor.,,Critical transfer candidate. Create and norm at least one contrasting information-order version. Prefer items whose D/E interpretation is robust across orderings.
STIMULUS,Critical Test,C3,Community workshop,Epistemic→Root,Declarative,D+,E-,D-E-N,future eventive,"Ben completed the advanced safety course last month, so the laser cutter is included on his certification. His final project plan for tomorrow lists only hand tools, and he confirmed the plan with his instructor today. He is building a wooden sign for the workshop.",Ben dax use the laser cutter tomorrow.,It is mip for Ben to use the laser cutter tomorrow.,Accept if participant generalizes to the target flavor; reject if they retain only the trained flavor.,,Critical transfer candidate. Create and norm at least one contrasting information-order version. Prefer items whose D/E interpretation is robust across orderings.
STIMULUS,Critical Test,C4,Theater balcony,Root→Epistemic,Declarative,D-,E+,E-D-N,present progressive,Maya’s friends lost track of her during intermission and do not know where she went. Her ticket is marked for the main-floor section rather than the balcony. She is at the show with members of her drama club.,Maya dax be sitting in the balcony now.,It is mip for Maya to be sitting in the balcony now.,Accept if participant generalizes to the target flavor; reject if they retain only the trained flavor.,,Critical transfer candidate. Create and norm at least one contrasting information-order version. Prefer items whose D/E interpretation is robust across orderings.
STIMULUS,Critical Test,C4,Theater balcony,Epistemic→Root,Declarative,D+,E-,N-D-E,future eventive,"Maya is helping her drama club at tomorrow’s performance. Her staff pass is valid in the balcony when she is off duty. The final performance schedule has Maya onstage throughout the show, and the director confirmed the schedule this afternoon.",Maya dax sit in the balcony during tomorrow’s show.,It is mip for Maya to sit in the balcony during tomorrow’s show.,Accept if participant generalizes to the target flavor; reject if they retain only the trained flavor.,,Critical transfer candidate. Create and norm at least one contrasting information-order version. Prefer items whose D/E interpretation is robust across orderings.
STIMULUS,Critical Test,C5,Community kitchen,Root→Epistemic,Declarative,D-,E+,N-E-D,present progressive,"Nina is volunteering at the community center during a neighborhood fundraiser. Ingredients have been taken out of the pantry, but nobody has checked who is working in the kitchen. The cooking station is reserved for volunteers who completed the food-safety course, and Nina has not taken it yet.",Nina dax be cooking in the kitchen now.,It is mip for Nina to be cooking in the kitchen now.,Accept if participant generalizes to the target flavor; reject if they retain only the trained flavor.,,Critical transfer candidate. Create and norm at least one contrasting information-order version. Prefer items whose D/E interpretation is robust across orderings.
STIMULUS,Critical Test,C5,Community kitchen,Epistemic→Root,Declarative,D+,E-,E-N-D,future eventive,"Tomorrow’s meal has already been completely prepared and packed tonight, and the volunteer schedule lists no cooking tasks for tomorrow morning. Nina is helping with the same neighborhood fundraiser. She completed the food-safety course and is registered for kitchen work.",Nina dax cook in the kitchen tomorrow morning.,It is mip for Nina to cook in the kitchen tomorrow morning.,Accept if participant generalizes to the target flavor; reject if they retain only the trained flavor.,,Critical transfer candidate. Create and norm at least one contrasting information-order version. Prefer items whose D/E interpretation is robust across orderings. Especially important to norm whether the context rules out tomorrow's cooking epistemically without implying loss of permission.
STIMULUS,Critical Test,C6,Science lab,Root→Epistemic,Declarative,D-,E+,D-E-N,present stative,"Daniel’s current safety level covers Lab A but not Lab B. His supervisor knows he is somewhere on the second floor, but the electronic room log is temporarily offline. Daniel is running tests for a group project this afternoon.",Daniel dax be in Lab B now.,It is mip for Daniel to be in Lab B now.,Accept if participant generalizes to the target flavor; reject if they retain only the trained flavor.,,Critical transfer candidate. Create and norm at least one contrasting information-order version. Prefer items whose D/E interpretation is robust across orderings.
STIMULUS,Critical Test,C6,Science lab,Epistemic→Root,Declarative,D+,E-,N-E-D,future eventive,"Daniel’s research group is continuing an experiment tomorrow. The final booking sheet assigns Daniel to Lab A for the whole session, and his supervisor confirmed that assignment today. Daniel recently completed the advanced training that qualifies him to work in Lab B as well.",Daniel dax work in Lab B tomorrow.,It is mip for Daniel to work in Lab B tomorrow.,Accept if participant generalizes to the target flavor; reject if they retain only the trained flavor.,,Critical transfer candidate. Create and norm at least one contrasting information-order version. Prefer items whose D/E interpretation is robust across orderings.
STIMULUS,Critical Test,C7,Music festival,Root→Epistemic,Declarative,D-,E+,N-D-E,past perfect,"Mateo is attending a music festival where several of his friends are working. His general-admission wristband is different from the staff bands used backstage. Nobody has seen Mateo for the last hour, and part of the entrance record is missing.",Mateo dax have gone backstage.,It is mip for Mateo to have gone backstage.,Accept if participant generalizes to the target flavor; reject if they retain only the trained flavor.,,Critical transfer candidate. Create and norm at least one contrasting information-order version. Prefer items whose D/E interpretation is robust across orderings.
STIMULUS,Critical Test,C7,Music festival,Epistemic→Root,Declarative,D+,E-,E-D-N,future eventive,"The final staff roster assigns Mateo to the front entrance throughout tomorrow evening, and his supervisor confirmed that assignment with him today. Mateo now has a staff wristband that is valid backstage. He is helping organize the festival for the first time.",Mateo dax go backstage tomorrow evening.,It is mip for Mateo to go backstage tomorrow evening.,Accept if participant generalizes to the target flavor; reject if they retain only the trained flavor.,,Critical transfer candidate. Create and norm at least one contrasting information-order version. Prefer items whose D/E interpretation is robust across orderings.
STIMULUS,Critical Test,C8,Ferry deck,Root→Epistemic,Declarative,D-,E+,E-N-D,present progressive,"Sofia’s family knows she boarded the ferry but has not found her, and they have not checked the upper deck. They are traveling together to an island for a reunion. Sofia’s ticket is marked for the lower deck only.",Sofia dax be sitting on the upper deck now.,It is mip for Sofia to be sitting on the upper deck now.,Accept if participant generalizes to the target flavor; reject if they retain only the trained flavor.,,Critical transfer candidate. Create and norm at least one contrasting information-order version. Prefer items whose D/E interpretation is robust across orderings.
STIMULUS,Critical Test,C8,Ferry deck,Epistemic→Root,Declarative,D+,E-,D-N-E,future eventive,"Sofia’s ticket for tomorrow is marked “all decks.” She is traveling with relatives to a family reunion. The group has already selected and confirmed seats together on the lower deck, and Sofia confirmed that she will sit with them.",Sofia dax sit on the upper deck tomorrow.,It is mip for Sofia to sit on the upper deck tomorrow.,Accept if participant generalizes to the target flavor; reject if they retain only the trained flavor.,,Critical transfer candidate. Create and norm at least one contrasting information-order version. Prefer items whose D/E interpretation is robust across orderings. Norm whether the confirmed lower-deck plan is strong enough to support E-.
STIMULUS,Filler,F1,Botanical garden,D+E+,Declarative,D+,E+,E-N-D,future eventive,Chloe told her classmate that she plans to spend tomorrow morning in the greenhouse. She is visiting the botanical garden to photograph tropical plants for an assignment. Her student research ticket includes the greenhouse.,Chloe dax visit the greenhouse tomorrow morning.,It is mip for Chloe to visit the greenhouse tomorrow morning.,Accept,,"Filler candidate. Contains the nonce word and should resemble critical trials in discourse complexity. Its D and E values converge on the same response, so it does not diagnose flavor assignment."
STIMULUS,Filler,F2,Aquarium corridor,D-E-,Declarative,D-,E-,N-D-E,past perfect,Amir spent yesterday at the aquarium with his younger cousin. The corridor behind the main tanks is marked for aquarium employees rather than visitors. Complete security footage shows Amir stayed in the public exhibits throughout the visit.,Amir dax have entered the staff corridor.,It is mip for Amir to have entered the staff corridor.,Reject,,"Filler candidate. Contains the nonce word and should resemble critical trials in discourse complexity. Its D and E values converge on the same response, so it does not diagnose flavor assignment."
STIMULUS,Filler,F3,Pottery studio,D+E+,Declarative,D+,E+,D-E-N,present progressive,"Zoe completed the studio’s advanced ceramics course last semester, which qualifies her to use the pottery room. A classmate saw her carry her clay into that room a few minutes ago and has not seen her leave. She is making a bowl for a class project.",Zoe dax be working in the pottery room now.,It is mip for Zoe to be working in the pottery room now.,Accept,,"Filler candidate. Contains the nonce word and should resemble critical trials in discourse complexity. Its D and E values converge on the same response, so it does not diagnose flavor assignment."
STIMULUS,Filler,F4,Sports center,D-E-,Declarative,D-,E-,E-N-D,future eventive,"Owen’s official team schedule places him at another sports center throughout tomorrow afternoon, and the coach confirmed the schedule today. His teammates are traveling there together in the morning. The local center reserves Court 1 for registered players, and Owen is attending there only as a spectator.",Owen dax play on Court 1 tomorrow afternoon.,It is mip for Owen to play on Court 1 tomorrow afternoon.,Reject,,"Filler candidate. Contains the nonce word and should resemble critical trials in discourse complexity. Its D and E values converge on the same response, so it does not diagnose flavor assignment."
STIMULUS,Filler,F5,Museum reading room,D+E+,Declarative,D+,E+,N-E-D,past perfect,"Grace spent yesterday researching a local-history project at the museum. Her notes record that she worked in the reading room after lunch, and a staff member remembers seeing her there. Grace has a researcher card that includes use of that room.",Grace dax have worked in the reading room yesterday afternoon.,It is mip for Grace to have worked in the reading room yesterday afternoon.,Accept,,"Filler candidate. Contains the nonce word and should resemble critical trials in discourse complexity. Its D and E values converge on the same response, so it does not diagnose flavor assignment."
STIMULUS,Filler,F6,Conference lounge,D-E-,Declarative,D-,E-,D-N-E,present progressive,"The speakers’ lounge is reserved for presenters, while Henry has a general attendee badge. He came to the conference to hear a former professor give a talk. That professor is sitting beside Henry in the main lecture hall right now.",Henry dax be sitting in the speakers’ lounge now.,It is mip for Henry to be sitting in the speakers’ lounge now.,Reject,,"Filler candidate. Contains the nonce word and should resemble critical trials in discourse complexity. Its D and E values converge on the same response, so it does not diagnose flavor assignment."
STIMULUS,Filler,F7,Community kitchen,D+E+,Declarative,D+,E+,E-D-N,present progressive,"Several ingredients are open on the kitchen counter, and a coworker heard Nina using the mixer a few minutes ago. Nina completed the food-safety course required for the cooking station. She is helping prepare food for a neighborhood fundraiser.",Nina dax be cooking in the kitchen now.,It is mip for Nina to be cooking in the kitchen now.,Accept,,"Filler candidate. Contains the nonce word and should resemble critical trials in discourse complexity. Its D and E values converge on the same response, so it does not diagnose flavor assignment."
STIMULUS,Filler,F8,Library office,D-E-,Declarative,D-,E-,N-E-D,past perfect,"Sam spent yesterday at the library studying for an exam. The entry log shows that he remained in the public study area until closing. The librarians’ office is reserved for library employees, and Sam has an ordinary student card.",Sam dax have gone into the librarians’ office.,It is mip for Sam to have gone into the librarians’ office.,Reject,,"Filler candidate. Contains the nonce word and should resemble critical trials in discourse complexity. Its D and E values converge on the same response, so it does not diagnose flavor assignment."
