group,phase,item_id,,domain,modal_possibility,temporal_orientation,order,context_order,context_only_question,judgement_flavour,context_only_option_3
1,Critical Test,C1,,Museum archive,-1,past perfect,E-D-N,"The museum's location record has a gap after lunch, and none of Lina's classmates saw where she went. The archive is reserved for registered researchers, while Lina has a regular visitor badge. Lina is collecting material at the museum for a history project.","According to the <b>rules or permissions</b> described in the story, was Lina permitted to enter the archive?",Deontic,The story does not say
2,Critical Test,C1,,Museum archive,-1,past perfect,N-E-D,"Lina is collecting material at the museum for a history project. The museum's location record has a gap after lunch, and none of Lina's classmates saw where she went. The archive is reserved for registered researchers, while Lina has a regular visitor badge.","According to the <b>rules or permissions</b> described in the story, was Lina permitted to enter the archive?",Deontic,The story does not say
3,Critical Test,C1,,Museum archive,1,future eventive,D-N-E,"Lina is registered as a visiting researcher, which gives her permission to enter the archive. Lina is working on a history project at the museum tomorrow. Lina's finalized itinerary says she will stay with the public tour and leave immediately afterward, and she confirmed that schedule with her classmates.","According to the <b>rules or permissions</b> described in the story, is Lina permitted to enter the archive tomorrow?",Deontic,The story does not say
4,Critical Test,C1,,Museum archive,1,future eventive,N-D-E,"Lina is working on a history project at the museum tomorrow. Lina is registered as a visiting researcher, which gives her permission to enter the archive. Lina's finalized itinerary says she will stay with the public tour and leave immediately afterward, and she confirmed that schedule with her classmates.","According to the <b>rules or permissions</b> described in the story, is Lina permitted to enter the archive tomorrow?",Deontic,The story does not say
5,Critical Test,C1,,Museum archive,-1,future eventive,D-N-E,"Lina is registered as a visiting researcher, which gives her permission to enter the archive. Lina is working on a history project at the museum tomorrow. Lina's finalized itinerary says she will stay with the public tour and leave immediately afterward, and she confirmed that schedule with her classmates.","Based on the <b>information</b> described in the story, is it possible that Lina will enter the archive tomorrow?",Epistemic,
6,Critical Test,C1,,Museum archive,-1,future eventive,N-D-E,"Lina is working on a history project at the museum tomorrow. Lina is registered as a visiting researcher, which gives her permission to enter the archive. Lina's finalized itinerary says she will stay with the public tour and leave immediately afterward, and she confirmed that schedule with her classmates.","Based on the <b>information</b> described in the story, is it possible that Lina will enter the archive tomorrow?",Epistemic,
7,Critical Test,C1,,Museum archive,1,past perfect,E-D-N,"The museum's location record has a gap after lunch, and none of Lina's classmates saw where she went. The archive is reserved for registered researchers, while Lina has a regular visitor badge. Lina is collecting material at the museum for a history project.","Based on the <b>information</b> described in the story, is it possible that Lina went into the archive?",Epistemic,
8,Critical Test,C1,,Museum archive,1,past perfect,N-E-D,"Lina is collecting material at the museum for a history project. The museum's location record has a gap after lunch, and none of Lina's classmates saw where she went. The archive is reserved for registered researchers, while Lina has a regular visitor badge.","Based on the <b>information</b> described in the story, is it possible that Lina went into the archive?",Epistemic,
2,Critical Test,C2,,Library map room,-1,present progressive,D-E-N,"The map room is reserved for people with research cards, and Priya is visiting on a standard day pass. Priya's classmates cannot find her right now, and the room-location board has not been updated. Priya is at the library preparing a presentation with several classmates.","According to the <b>rules or permissions</b> described in the story, is Priya permitted to work in the map room?",Deontic,The story does not say
3,Critical Test,C2,,Library map room,-1,present progressive,E-N-D,"Priya's classmates cannot find her right now, and the room-location board has not been updated. Priya is at the library preparing a presentation with several classmates. The map room is reserved for people with research cards, and Priya is visiting on a standard day pass.","According to the <b>rules or permissions</b> described in the story, is Priya permitted to work in the map room?",Deontic,The story does not say
4,Critical Test,C2,,Library map room,1,future eventive,E-D-N,"Priya submitted her final room reservation for tomorrow, and it lists the main reading room rather than the map room; she confirmed that choice with her group. Priya's research card includes use of the map room. Priya is preparing materials for a history presentation at the library tomorrow.","According to the <b>rules or permissions</b> described in the story, is Priya permitted to work in the map room tomorrow?",Deontic,The story does not say
5,Critical Test,C2,,Library map room,1,future eventive,N-E-D,"Priya is preparing materials for a history presentation at the library tomorrow. Priya submitted her final room reservation for tomorrow, and it lists the main reading room rather than the map room; she confirmed that choice with her group. Priya's research card includes use of the map room.","According to the <b>rules or permissions</b> described in the story, is Priya permitted to work in the map room tomorrow?",Deontic,The story does not say
6,Critical Test,C2,,Library map room,-1,future eventive,E-D-N,"Priya submitted her final room reservation for tomorrow, and it lists the main reading room rather than the map room; she confirmed that choice with her group. Priya's research card includes use of the map room. Priya is preparing materials for a history presentation at the library tomorrow.","Based on the <b>information</b> described in the story, is it possible that Priya will work in the map room tomorrow?",Epistemic,
7,Critical Test,C2,,Library map room,-1,future eventive,N-E-D,"Priya is preparing materials for a history presentation at the library tomorrow. Priya submitted her final room reservation for tomorrow, and it lists the main reading room rather than the map room; she confirmed that choice with her group. Priya's research card includes use of the map room.","Based on the <b>information</b> described in the story, is it possible that Priya will work in the map room tomorrow?",Epistemic,
8,Critical Test,C2,,Library map room,1,present progressive,D-E-N,"The map room is reserved for people with research cards, and Priya is visiting on a standard day pass. Priya's classmates cannot find her right now, and the room-location board has not been updated. Priya is at the library preparing a presentation with several classmates.","Based on the <b>information</b> described in the story, is it possible that Priya is working in the map room now?",Epistemic,
1,Critical Test,C2,,Library map room,1,present progressive,E-N-D,"Priya's classmates cannot find her right now, and the room-location board has not been updated. Priya is at the library preparing a presentation with several classmates. The map room is reserved for people with research cards, and Priya is visiting on a standard day pass.","Based on the <b>information</b> described in the story, is it possible that Priya is working in the map room now?",Epistemic,
3,Critical Test,C3,,Community workshop,-1,present progressive,D-N-E,"The laser cutter is reserved for people with an advanced safety certificate, and Ben has only completed the introductory course. Ben is building a wooden sign at the community workshop this afternoon. Ben's coworker is in another room and cannot tell which machine Ben is using.","According to the <b>rules or permissions</b> described in the story, is Ben permitted to use the laser cutter?",Deontic,The story does not say
4,Critical Test,C3,,Community workshop,-1,present progressive,N-D-E,"Ben is building a wooden sign at the community workshop this afternoon. The laser cutter is reserved for people with an advanced safety certificate, and Ben has only completed the introductory course. Ben's coworker is in another room and cannot tell which machine Ben is using.","According to the <b>rules or permissions</b> described in the story, is Ben permitted to use the laser cutter?",Deontic,The story does not say
5,Critical Test,C3,,Community workshop,1,future eventive,D-E-N,"Ben completed the advanced safety course last month, so the laser cutter is included on his certification. Ben's final project plan for tomorrow lists only hand tools, and he confirmed that plan with his instructor today. Ben is building a wooden sign for the workshop tomorrow.","According to the <b>rules or permissions</b> described in the story, is Ben permitted to use the laser cutter tomorrow?",Deontic,The story does not say
6,Critical Test,C3,,Community workshop,1,future eventive,E-N-D,"Ben's final project plan for tomorrow lists only hand tools, and he confirmed that plan with his instructor today. Ben is building a wooden sign for the workshop tomorrow. Ben completed the advanced safety course last month, so the laser cutter is included on his certification.","According to the <b>rules or permissions</b> described in the story, is Ben permitted to use the laser cutter tomorrow?",Deontic,The story does not say
7,Critical Test,C3,,Community workshop,-1,future eventive,D-E-N,"Ben completed the advanced safety course last month, so the laser cutter is included on his certification. Ben's final project plan for tomorrow lists only hand tools, and he confirmed that plan with his instructor today. Ben is building a wooden sign for the workshop tomorrow.","Based on the <b>information</b> described in the story, is it possible that Ben will use the laser cutter tomorrow?",Epistemic,
8,Critical Test,C3,,Community workshop,-1,future eventive,E-N-D,"Ben's final project plan for tomorrow lists only hand tools, and he confirmed that plan with his instructor today. Ben is building a wooden sign for the workshop tomorrow. Ben completed the advanced safety course last month, so the laser cutter is included on his certification.","Based on the <b>information</b> described in the story, is it possible that Ben will use the laser cutter tomorrow?",Epistemic,
1,Critical Test,C3,,Community workshop,1,present progressive,D-N-E,"The laser cutter is reserved for people with an advanced safety certificate, and Ben has only completed the introductory course. Ben is building a wooden sign at the community workshop this afternoon. Ben's coworker is in another room and cannot tell which machine Ben is using.","Based on the <b>information</b> described in the story, is it possible that Ben is using the laser cutter now?",Epistemic,
2,Critical Test,C3,,Community workshop,1,present progressive,N-D-E,"Ben is building a wooden sign at the community workshop this afternoon. The laser cutter is reserved for people with an advanced safety certificate, and Ben has only completed the introductory course. Ben's coworker is in another room and cannot tell which machine Ben is using.","Based on the <b>information</b> described in the story, is it possible that Ben is using the laser cutter now?",Epistemic,
4,Critical Test,C4,,Theater balcony,-1,present progressive,E-D-N,Maya's friends lost track of her during intermission and do not know where she went. Maya's ticket is marked for the main-floor section rather than the balcony. Maya is at the show with members of her drama club.,"According to the <b>rules or permissions</b> described in the story, is Maya permitted to sit in the balcony?",Deontic,The story does not say
5,Critical Test,C4,,Theater balcony,-1,present progressive,N-E-D,Maya is at the show with members of her drama club. Maya's friends lost track of her during intermission and do not know where she went. Maya's ticket is marked for the main-floor section rather than the balcony.,"According to the <b>rules or permissions</b> described in the story, is Maya permitted to sit in the balcony?",Deontic,The story does not say
6,Critical Test,C4,,Theater balcony,1,future eventive,D-N-E,"Maya's staff pass is valid in the balcony when she is off duty. Maya is helping her drama club at tomorrow's performance. The final performance schedule has Maya onstage throughout the show, and the director confirmed the schedule this afternoon.","According to the <b>rules or permissions</b> described in the story, is Maya permitted to sit in the balcony during tomorrow's show?",Deontic,The story does not say
7,Critical Test,C4,,Theater balcony,1,future eventive,N-D-E,"Maya is helping her drama club at tomorrow's performance. Maya's staff pass is valid in the balcony when she is off duty. The final performance schedule has Maya onstage throughout the show, and the director confirmed the schedule this afternoon.","According to the <b>rules or permissions</b> described in the story, is Maya permitted to sit in the balcony during tomorrow's show?",Deontic,The story does not say
8,Critical Test,C4,,Theater balcony,-1,future eventive,D-N-E,"Maya's staff pass is valid in the balcony when she is off duty. Maya is helping her drama club at tomorrow's performance. The final performance schedule has Maya onstage throughout the show, and the director confirmed the schedule this afternoon.","Based on the <b>information</b> described in the story, is it possible that Maya will sit in the balcony during tomorrow's show?",Epistemic,
1,Critical Test,C4,,Theater balcony,-1,future eventive,N-D-E,"Maya is helping her drama club at tomorrow's performance. Maya's staff pass is valid in the balcony when she is off duty. The final performance schedule has Maya onstage throughout the show, and the director confirmed the schedule this afternoon.","Based on the <b>information</b> described in the story, is it possible that Maya will sit in the balcony during tomorrow's show?",Epistemic,
2,Critical Test,C4,,Theater balcony,1,present progressive,E-D-N,Maya's friends lost track of her during intermission and do not know where she went. Maya's ticket is marked for the main-floor section rather than the balcony. Maya is at the show with members of her drama club.,"Based on the <b>information</b> described in the story, is it possible that Maya is sitting in the balcony now?",Epistemic,
3,Critical Test,C4,,Theater balcony,1,present progressive,N-E-D,Maya is at the show with members of her drama club. Maya's friends lost track of her during intermission and do not know where she went. Maya's ticket is marked for the main-floor section rather than the balcony.,"Based on the <b>information</b> described in the story, is it possible that Maya is sitting in the balcony now?",Epistemic,
5,Critical Test,C5,,Community kitchen,-1,present progressive,D-E-N,"The cooking station is reserved for volunteers who completed the food-safety course, and Nina has not taken it yet. Ingredients have been taken out of the pantry, but nobody has checked who is working in the kitchen. Nina is volunteering at the community center during a neighborhood fundraiser.","According to the <b>rules or permissions</b> described in the story, is Nina permitted to cook in the kitchen?",Deontic,The story does not say
6,Critical Test,C5,,Community kitchen,-1,present progressive,E-N-D,"Ingredients have been taken out of the pantry, but nobody has checked who is working in the kitchen. Nina is volunteering at the community center during a neighborhood fundraiser. The cooking station is reserved for volunteers who completed the food-safety course, and Nina has not taken it yet.","According to the <b>rules or permissions</b> described in the story, is Nina permitted to cook in the kitchen?",Deontic,The story does not say
7,Critical Test,C5,,Community kitchen,1,future eventive,E-D-N,"Tomorrow's meal has already been completely prepared and packed tonight, and the volunteer schedule lists no cooking tasks for tomorrow morning. Nina completed the food-safety course and is registered for kitchen work. Nina is helping with the same neighborhood fundraiser tomorrow.","According to the <b>rules or permissions</b> described in the story, is Nina permitted to cook in the kitchen tomorrow morning?",Deontic,The story does not say
8,Critical Test,C5,,Community kitchen,1,future eventive,N-E-D,"Nina is helping with the same neighborhood fundraiser tomorrow. Tomorrow's meal has already been completely prepared and packed tonight, and the volunteer schedule lists no cooking tasks for tomorrow morning. Nina completed the food-safety course and is registered for kitchen work.","According to the <b>rules or permissions</b> described in the story, is Nina permitted to cook in the kitchen tomorrow morning?",Deontic,The story does not say
1,Critical Test,C5,,Community kitchen,-1,future eventive,E-D-N,"Tomorrow's meal has already been completely prepared and packed tonight, and the volunteer schedule lists no cooking tasks for tomorrow morning. Nina completed the food-safety course and is registered for kitchen work. Nina is helping with the same neighborhood fundraiser tomorrow.","Based on the <b>information</b> described in the story, is it possible that Nina will cook in the kitchen tomorrow morning?",Epistemic,
2,Critical Test,C5,,Community kitchen,-1,future eventive,N-E-D,"Nina is helping with the same neighborhood fundraiser tomorrow. Tomorrow's meal has already been completely prepared and packed tonight, and the volunteer schedule lists no cooking tasks for tomorrow morning. Nina completed the food-safety course and is registered for kitchen work.","Based on the <b>information</b> described in the story, is it possible that Nina will cook in the kitchen tomorrow morning?",Epistemic,
3,Critical Test,C5,,Community kitchen,1,present progressive,D-E-N,"The cooking station is reserved for volunteers who completed the food-safety course, and Nina has not taken it yet. Ingredients have been taken out of the pantry, but nobody has checked who is working in the kitchen. Nina is volunteering at the community center during a neighborhood fundraiser.","Based on the <b>information</b> described in the story, is it possible that Nina is cooking in the kitchen now?",Epistemic,
4,Critical Test,C5,,Community kitchen,1,present progressive,E-N-D,"Ingredients have been taken out of the pantry, but nobody has checked who is working in the kitchen. Nina is volunteering at the community center during a neighborhood fundraiser. The cooking station is reserved for volunteers who completed the food-safety course, and Nina has not taken it yet.","Based on the <b>information</b> described in the story, is it possible that Nina is cooking in the kitchen now?",Epistemic,
6,Critical Test,C6,,Science lab,-1,present stative,D-N-E,"Daniel's current safety level covers Lab A but not Lab B. Daniel is running tests for a group project this afternoon. Daniel's supervisor knows he is somewhere on the second floor, but the electronic room log is temporarily offline.","According to the <b>rules or permissions</b> described in the story, is Daniel permitted to work in Lab B?",Deontic,The story does not say
7,Critical Test,C6,,Science lab,-1,present stative,N-D-E,"Daniel is running tests for a group project this afternoon. Daniel's current safety level covers Lab A but not Lab B. Daniel's supervisor knows he is somewhere on the second floor, but the electronic room log is temporarily offline.","According to the <b>rules or permissions</b> described in the story, is Daniel permitted to work in Lab B?",Deontic,The story does not say
8,Critical Test,C6,,Science lab,1,future eventive,D-E-N,"Daniel recently completed the advanced training that qualifies him to work in Lab B. The final booking sheet assigns Daniel to Lab A for the whole session, and his supervisor confirmed that assignment today. Daniel's research group is continuing an experiment tomorrow.","According to the <b>rules or permissions</b> described in the story, is Daniel permitted to work in Lab B tomorrow?",Deontic,The story does not say
1,Critical Test,C6,,Science lab,1,future eventive,E-N-D,"The final booking sheet assigns Daniel to Lab A for the whole session, and his supervisor confirmed that assignment today. Daniel's research group is continuing an experiment tomorrow. Daniel recently completed the advanced training that qualifies him to work in Lab B.","According to the <b>rules or permissions</b> described in the story, is Daniel permitted to work in Lab B tomorrow?",Deontic,The story does not say
2,Critical Test,C6,,Science lab,-1,future eventive,D-E-N,"Daniel recently completed the advanced training that qualifies him to work in Lab B. The final booking sheet assigns Daniel to Lab A for the whole session, and his supervisor confirmed that assignment today. Daniel's research group is continuing an experiment tomorrow.","Based on the <b>information</b> described in the story, is it possible that Daniel will work in Lab B tomorrow?",Epistemic,
3,Critical Test,C6,,Science lab,-1,future eventive,E-N-D,"The final booking sheet assigns Daniel to Lab A for the whole session, and his supervisor confirmed that assignment today. Daniel's research group is continuing an experiment tomorrow. Daniel recently completed the advanced training that qualifies him to work in Lab B.","Based on the <b>information</b> described in the story, is it possible that Daniel will work in Lab B tomorrow?",Epistemic,
4,Critical Test,C6,,Science lab,1,present stative,D-N-E,"Daniel's current safety level covers Lab A but not Lab B. Daniel is running tests for a group project this afternoon. Daniel's supervisor knows he is somewhere on the second floor, but the electronic room log is temporarily offline.","Based on the <b>information</b> described in the story, is it possible that Daniel is in Lab B now?",Epistemic,
5,Critical Test,C6,,Science lab,1,present stative,N-D-E,"Daniel is running tests for a group project this afternoon. Daniel's current safety level covers Lab A but not Lab B. Daniel's supervisor knows he is somewhere on the second floor, but the electronic room log is temporarily offline.","Based on the <b>information</b> described in the story, is it possible that Daniel is in Lab B now?",Epistemic,
7,Critical Test,C7,,Music festival,-1,past perfect,E-D-N,"Nobody has seen Mateo for the last hour, and part of the entrance record is missing. Mateo's general-admission wristband is different from the staff bands used backstage. Mateo is attending a music festival where several of his friends are working.","According to the <b>rules or permissions</b> described in the story, was Mateo permitted to go backstage?",Deontic,The story does not say
8,Critical Test,C7,,Music festival,-1,past perfect,N-E-D,"Mateo is attending a music festival where several of his friends are working. Nobody has seen Mateo for the last hour, and part of the entrance record is missing. Mateo's general-admission wristband is different from the staff bands used backstage.","According to the <b>rules or permissions</b> described in the story, was Mateo permitted to go backstage?",Deontic,The story does not say
1,Critical Test,C7,,Music festival,1,future eventive,D-N-E,"Mateo now has a staff wristband that is valid backstage. Mateo is helping organize the festival for the first time tomorrow. The final staff roster assigns Mateo to the front entrance throughout tomorrow evening, and his supervisor confirmed that assignment with him today.","According to the <b>rules or permissions</b> described in the story, is Mateo permitted to go backstage tomorrow evening?",Deontic,The story does not say
2,Critical Test,C7,,Music festival,1,future eventive,N-D-E,"Mateo is helping organize the festival for the first time tomorrow. Mateo now has a staff wristband that is valid backstage. The final staff roster assigns Mateo to the front entrance throughout tomorrow evening, and his supervisor confirmed that assignment with him today.","According to the <b>rules or permissions</b> described in the story, is Mateo permitted to go backstage tomorrow evening?",Deontic,The story does not say
3,Critical Test,C7,,Music festival,-1,future eventive,D-N-E,"Mateo now has a staff wristband that is valid backstage. Mateo is helping organize the festival for the first time tomorrow. The final staff roster assigns Mateo to the front entrance throughout tomorrow evening, and his supervisor confirmed that assignment with him today.","Based on the <b>information</b> described in the story, is it possible that Mateo will go backstage tomorrow evening?",Epistemic,
4,Critical Test,C7,,Music festival,-1,future eventive,N-D-E,"Mateo is helping organize the festival for the first time tomorrow. Mateo now has a staff wristband that is valid backstage. The final staff roster assigns Mateo to the front entrance throughout tomorrow evening, and his supervisor confirmed that assignment with him today.","Based on the <b>information</b> described in the story, is it possible that Mateo will go backstage tomorrow evening?",Epistemic,
5,Critical Test,C7,,Music festival,1,past perfect,E-D-N,"Nobody has seen Mateo for the last hour, and part of the entrance record is missing. Mateo's general-admission wristband is different from the staff bands used backstage. Mateo is attending a music festival where several of his friends are working.","Based on the <b>information</b> described in the story, is it possible that Mateo went backstage?",Epistemic,
6,Critical Test,C7,,Music festival,1,past perfect,N-E-D,"Mateo is attending a music festival where several of his friends are working. Nobody has seen Mateo for the last hour, and part of the entrance record is missing. Mateo's general-admission wristband is different from the staff bands used backstage.","Based on the <b>information</b> described in the story, is it possible that Mateo went backstage?",Epistemic,
8,Critical Test,C8,,Ferry deck,-1,present progressive,D-E-N,"Sofia's ticket is marked for the lower deck only. Sofia's family knows she boarded the ferry but has not found her, and they have not checked the upper deck. Sofia is traveling with her family to an island for a reunion.","According to the <b>rules or permissions</b> described in the story, is Sofia permitted to sit on the upper deck?",Deontic,The story does not say
1,Critical Test,C8,,Ferry deck,-1,present progressive,E-N-D,"Sofia's family knows she boarded the ferry but has not found her, and they have not checked the upper deck. Sofia is traveling with her family to an island for a reunion. Sofia's ticket is marked for the lower deck only.","According to the <b>rules or permissions</b> described in the story, is Sofia permitted to sit on the upper deck?",Deontic,The story does not say
2,Critical Test,C8,,Ferry deck,1,future eventive,E-D-N,"The group has already selected and confirmed seats together on the lower deck, and Sofia confirmed that she will sit with them. Sofia's ticket is marked “all decks.” Sofia is traveling with relatives to a family reunion tomorrow.","According to the <b>rules or permissions</b> described in the story, is Sofia permitted to sit on the upper deck tomorrow?",Deontic,The story does not say
3,Critical Test,C8,,Ferry deck,1,future eventive,N-E-D,"Sofia is traveling with relatives to a family reunion tomorrow. The group has already selected and confirmed seats together on the lower deck, and Sofia confirmed that she will sit with them. Sofia's ticket is marked “all decks.”","According to the <b>rules or permissions</b> described in the story, is Sofia permitted to sit on the upper deck tomorrow?",Deontic,The story does not say
4,Critical Test,C8,,Ferry deck,-1,future eventive,E-D-N,"The group has already selected and confirmed seats together on the lower deck, and Sofia confirmed that she will sit with them. Sofia's ticket is marked “all decks.” Sofia is traveling with relatives to a family reunion tomorrow.","Based on the <b>information</b> described in the story, is it possible that Sofia will sit on the upper deck tomorrow?",Epistemic,
5,Critical Test,C8,,Ferry deck,-1,future eventive,N-E-D,"Sofia is traveling with relatives to a family reunion tomorrow. The group has already selected and confirmed seats together on the lower deck, and Sofia confirmed that she will sit with them. Sofia's ticket is marked “all decks.”","Based on the <b>information</b> described in the story, is it possible that Sofia will sit on the upper deck tomorrow?",Epistemic,
6,Critical Test,C8,,Ferry deck,1,present progressive,D-E-N,"Sofia's ticket is marked for the lower deck only. Sofia's family knows she boarded the ferry but has not found her, and they have not checked the upper deck. Sofia is traveling with her family to an island for a reunion.","Based on the <b>information</b> described in the story, is it possible that Sofia is sitting on the upper deck now?",Epistemic,
7,Critical Test,C8,,Ferry deck,1,present progressive,E-N-D,"Sofia's family knows she boarded the ferry but has not found her, and they have not checked the upper deck. Sofia is traveling with her family to an island for a reunion. Sofia's ticket is marked for the lower deck only.","Based on the <b>information</b> described in the story, is it possible that Sofia is sitting on the upper deck now?",Epistemic,
1,Filler,F1,,Botanical garden,1,future eventive,D-N-E,Chloe's student research ticket includes the greenhouse. Chloe is visiting the botanical garden to photograph tropical plants for an assignment. Chloe told her classmate that she plans to spend tomorrow morning in the greenhouse.,"According to the <b>rules or permissions</b> described in the story, is Chloe permitted to visit the greenhouse tomorrow morning?",Deontic,The story does not say
2,Filler,F1,,Botanical garden,1,future eventive,N-D-E,Chloe is visiting the botanical garden to photograph tropical plants for an assignment. Chloe's student research ticket includes the greenhouse. Chloe told her classmate that she plans to spend tomorrow morning in the greenhouse.,"According to the <b>rules or permissions</b> described in the story, is Chloe permitted to visit the greenhouse tomorrow morning?",Deontic,The story does not say
3,Filler,F1,,Botanical garden,1,future eventive,D-N-E,Chloe's student research ticket includes the greenhouse. Chloe is visiting the botanical garden to photograph tropical plants for an assignment. Chloe told her classmate that she plans to spend tomorrow morning in the greenhouse.,"Based on the <b>information</b> described in the story, is it possible that Chloe will visit the greenhouse tomorrow morning?",Epistemic,
4,Filler,F1,,Botanical garden,1,future eventive,N-D-E,Chloe is visiting the botanical garden to photograph tropical plants for an assignment. Chloe's student research ticket includes the greenhouse. Chloe told her classmate that she plans to spend tomorrow morning in the greenhouse.,"Based on the <b>information</b> described in the story, is it possible that Chloe will visit the greenhouse tomorrow morning?",Epistemic,
5,Filler,F2,,Aquarium corridor,-1,past perfect,D-E-N,The corridor behind the main tanks is marked for aquarium employees rather than visitors. Complete security footage shows Amir stayed in the public exhibits throughout the visit. Amir spent yesterday at the aquarium with his younger cousin.,"According to the <b>rules or permissions</b> described in the story, was Amir permitted to enter the staff corridor?",Deontic,The story does not say
6,Filler,F2,,Aquarium corridor,-1,past perfect,E-N-D,Complete security footage shows Amir stayed in the public exhibits throughout the visit. Amir spent yesterday at the aquarium with his younger cousin. The corridor behind the main tanks is marked for aquarium employees rather than visitors.,"According to the <b>rules or permissions</b> described in the story, was Amir permitted to enter the staff corridor?",Deontic,The story does not say
7,Filler,F2,,Aquarium corridor,-1,past perfect,D-E-N,The corridor behind the main tanks is marked for aquarium employees rather than visitors. Complete security footage shows Amir stayed in the public exhibits throughout the visit. Amir spent yesterday at the aquarium with his younger cousin.,"Based on the <b>information</b> described in the story, is it possible that Amir entered the staff corridor?",Epistemic,
8,Filler,F2,,Aquarium corridor,-1,past perfect,E-N-D,Complete security footage shows Amir stayed in the public exhibits throughout the visit. Amir spent yesterday at the aquarium with his younger cousin. The corridor behind the main tanks is marked for aquarium employees rather than visitors.,"Based on the <b>information</b> described in the story, is it possible that Amir entered the staff corridor?",Epistemic,
2,Filler,F3,,Pottery studio,1,present progressive,E-D-N,"A classmate saw Zoe carry her clay into the pottery room a few minutes ago and has not seen her leave. Zoe completed the studio's advanced ceramics course last semester, which qualifies her to use the pottery room. Zoe is making a bowl for a class project.","According to the <b>rules or permissions</b> described in the story, is Zoe permitted to work in the pottery room?",Deontic,The story does not say
3,Filler,F3,,Pottery studio,1,present progressive,N-E-D,"Zoe is making a bowl for a class project. A classmate saw Zoe carry her clay into the pottery room a few minutes ago and has not seen her leave. Zoe completed the studio's advanced ceramics course last semester, which qualifies her to use the pottery room.","According to the <b>rules or permissions</b> described in the story, is Zoe permitted to work in the pottery room?",Deontic,The story does not say
4,Filler,F3,,Pottery studio,1,present progressive,E-D-N,"A classmate saw Zoe carry her clay into the pottery room a few minutes ago and has not seen her leave. Zoe completed the studio's advanced ceramics course last semester, which qualifies her to use the pottery room. Zoe is making a bowl for a class project.","Based on the <b>information</b> described in the story, is it possible that Zoe is working in the pottery room now?",Epistemic,
5,Filler,F3,,Pottery studio,1,present progressive,N-E-D,"Zoe is making a bowl for a class project. A classmate saw Zoe carry her clay into the pottery room a few minutes ago and has not seen her leave. Zoe completed the studio's advanced ceramics course last semester, which qualifies her to use the pottery room.","Based on the <b>information</b> described in the story, is it possible that Zoe is working in the pottery room now?",Epistemic,
6,Filler,F4,,Sports center,-1,future eventive,D-N-E,"The local center reserves Court 1 for registered players, and Owen is attending there only as a spectator. Owen's teammates are traveling together to another sports center tomorrow morning. Owen's official team schedule places him at the other sports center throughout tomorrow afternoon, and the coach confirmed the schedule today.","According to the <b>rules or permissions</b> described in the story, is Owen permitted to play on Court 1 tomorrow afternoon?",Deontic,The story does not say
7,Filler,F4,,Sports center,-1,future eventive,N-D-E,"Owen's teammates are traveling together to another sports center tomorrow morning. The local center reserves Court 1 for registered players, and Owen is attending there only as a spectator. Owen's official team schedule places him at the other sports center throughout tomorrow afternoon, and the coach confirmed the schedule today.","According to the <b>rules or permissions</b> described in the story, is Owen permitted to play on Court 1 tomorrow afternoon?",Deontic,The story does not say
8,Filler,F4,,Sports center,-1,future eventive,D-N-E,"The local center reserves Court 1 for registered players, and Owen is attending there only as a spectator. Owen's teammates are traveling together to another sports center tomorrow morning. Owen's official team schedule places him at the other sports center throughout tomorrow afternoon, and the coach confirmed the schedule today.","Based on the <b>information</b> described in the story, is it possible that Owen will play on Court 1 tomorrow afternoon?",Epistemic,
1,Filler,F4,,Sports center,-1,future eventive,N-D-E,"Owen's teammates are traveling together to another sports center tomorrow morning. The local center reserves Court 1 for registered players, and Owen is attending there only as a spectator. Owen's official team schedule places him at the other sports center throughout tomorrow afternoon, and the coach confirmed the schedule today.","Based on the <b>information</b> described in the story, is it possible that Owen will play on Court 1 tomorrow afternoon?",Epistemic,
3,Filler,F5,,Museum reading room,1,past perfect,D-E-N,"Grace has a researcher card that includes use of the reading room. Grace's notes record that she worked in the reading room after lunch, and a staff member remembers seeing her there. Grace spent yesterday researching a local-history project at the museum.","According to the <b>rules or permissions</b> described in the story, was Grace permitted to work in the reading room?",Deontic,The story does not say
4,Filler,F5,,Museum reading room,1,past perfect,E-N-D,"Grace's notes record that she worked in the reading room after lunch, and a staff member remembers seeing her there. Grace spent yesterday researching a local-history project at the museum. Grace has a researcher card that includes use of the reading room.","According to the <b>rules or permissions</b> described in the story, was Grace permitted to work in the reading room?",Deontic,The story does not say
5,Filler,F5,,Museum reading room,1,past perfect,D-E-N,"Grace has a researcher card that includes use of the reading room. Grace's notes record that she worked in the reading room after lunch, and a staff member remembers seeing her there. Grace spent yesterday researching a local-history project at the museum.","Based on the <b>information</b> described in the story, is it possible that Grace worked in the reading room that afternoon?",Epistemic,
6,Filler,F5,,Museum reading room,1,past perfect,E-N-D,"Grace's notes record that she worked in the reading room after lunch, and a staff member remembers seeing her there. Grace spent yesterday researching a local-history project at the museum. Grace has a researcher card that includes use of the reading room.","Based on the <b>information</b> described in the story, is it possible that Grace worked in the reading room that afternoon?",Epistemic,
7,Filler,F6,,Conference lounge,-1,present progressive,E-D-N,"That professor is sitting beside Henry in the main lecture hall right now. The speakers' lounge is reserved for presenters, while Henry has a general attendee badge. Henry came to the conference to hear a former professor give a talk.","According to the <b>rules or permissions</b> described in the story, is Henry permitted to sit in the speakers' lounge?",Deontic,The story does not say
8,Filler,F6,,Conference lounge,-1,present progressive,N-E-D,"Henry came to the conference to hear a former professor give a talk. That professor is sitting beside Henry in the main lecture hall right now. The speakers' lounge is reserved for presenters, while Henry has a general attendee badge.","According to the <b>rules or permissions</b> described in the story, is Henry permitted to sit in the speakers' lounge?",Deontic,The story does not say
1,Filler,F6,,Conference lounge,-1,present progressive,E-D-N,"That professor is sitting beside Henry in the main lecture hall right now. The speakers' lounge is reserved for presenters, while Henry has a general attendee badge. Henry came to the conference to hear a former professor give a talk.","Based on the <b>information</b> described in the story, is it possible that Henry is sitting in the speakers' lounge now?",Epistemic,
2,Filler,F6,,Conference lounge,-1,present progressive,N-E-D,"Henry came to the conference to hear a former professor give a talk. That professor is sitting beside Henry in the main lecture hall right now. The speakers' lounge is reserved for presenters, while Henry has a general attendee badge.","Based on the <b>information</b> described in the story, is it possible that Henry is sitting in the speakers' lounge now?",Epistemic,
4,Filler,F7,,Community kitchen,1,present progressive,D-N-E,"Nina completed the food-safety course required for the cooking station. Nina is helping prepare food for a neighborhood fundraiser. Several ingredients are open on the kitchen counter, and a coworker heard Nina using the mixer a few minutes ago.","According to the <b>rules or permissions</b> described in the story, is Nina permitted to cook in the kitchen?",Deontic,The story does not say
5,Filler,F7,,Community kitchen,1,present progressive,N-D-E,"Nina is helping prepare food for a neighborhood fundraiser. Nina completed the food-safety course required for the cooking station. Several ingredients are open on the kitchen counter, and a coworker heard Nina using the mixer a few minutes ago.","According to the <b>rules or permissions</b> described in the story, is Nina permitted to cook in the kitchen?",Deontic,The story does not say
6,Filler,F7,,Community kitchen,1,present progressive,D-N-E,"Nina completed the food-safety course required for the cooking station. Nina is helping prepare food for a neighborhood fundraiser. Several ingredients are open on the kitchen counter, and a coworker heard Nina using the mixer a few minutes ago.","Based on the <b>information</b> described in the story, is it possible that Nina is cooking in the kitchen now?",Epistemic,
7,Filler,F7,,Community kitchen,1,present progressive,N-D-E,"Nina is helping prepare food for a neighborhood fundraiser. Nina completed the food-safety course required for the cooking station. Several ingredients are open on the kitchen counter, and a coworker heard Nina using the mixer a few minutes ago.","Based on the <b>information</b> described in the story, is it possible that Nina is cooking in the kitchen now?",Epistemic,
8,Filler,F8,,Library office,-1,past perfect,D-E-N,"The librarians' office is reserved for library employees, and Sam has an ordinary student card. The entry log shows that Sam remained in the public study area until closing. Sam spent yesterday at the library studying for an exam.","According to the <b>rules or permissions</b> described in the story, was Sam permitted to enter the librarians' office?",Deontic,The story does not say
1,Filler,F8,,Library office,-1,past perfect,E-N-D,"The entry log shows that Sam remained in the public study area until closing. Sam spent yesterday at the library studying for an exam. The librarians' office is reserved for library employees, and Sam has an ordinary student card.","According to the <b>rules or permissions</b> described in the story, was Sam permitted to enter the librarians' office?",Deontic,The story does not say
2,Filler,F8,,Library office,-1,past perfect,D-E-N,"The librarians' office is reserved for library employees, and Sam has an ordinary student card. The entry log shows that Sam remained in the public study area until closing. Sam spent yesterday at the library studying for an exam.","Based on the <b>information</b> described in the story, is it possible that Sam went into the librarians' office?",Epistemic,
3,Filler,F8,,Library office,-1,past perfect,E-N-D,"The entry log shows that Sam remained in the public study area until closing. Sam spent yesterday at the library studying for an exam. The librarians' office is reserved for library employees, and Sam has an ordinary student card.","Based on the <b>information</b> described in the story, is it possible that Sam went into the librarians' office?",Epistemic,
5,Training,T1,,Museum entrance,0,past perfect / present progressive or stative,E-N,"Lina's classmate knows she entered through either the main entrance or the side entrance, but did not see which one. Lina visited a history museum this morning for a class project.","According to the <b>rules or permissions</b> described in the story, was Lina permitted to use the side entrance?",Deontic,The story does not say
6,Training,T1,,Museum entrance,0,past perfect / present progressive or stative,N-E,"Lina visited a history museum this morning for a class project. Lina's classmate knows she entered through either the main entrance or the side entrance, but did not see which one.","According to the <b>rules or permissions</b> described in the story, was Lina permitted to use the side entrance?",Deontic,The story does not say
7,Training,T1,,Museum entrance,1,future eventive,D-N,Lina has a green visitor badge that is valid at both the main entrance and the side entrance. Lina is visiting a history museum tomorrow for a class project.,"According to the <b>rules or permissions</b> described in the story, is Lina permitted to use the side entrance tomorrow?",Deontic,The story does not say
8,Training,T1,,Museum entrance,1,future eventive,N-D,Lina is visiting a history museum tomorrow for a class project. Lina has a green visitor badge that is valid at both the main entrance and the side entrance.,"According to the <b>rules or permissions</b> described in the story, is Lina permitted to use the side entrance tomorrow?",Deontic,The story does not say
1,Training,T1,,Museum entrance,0,future eventive,D-N,Lina has a green visitor badge that is valid at both the main entrance and the side entrance. Lina is visiting a history museum tomorrow for a class project.,"Based on the <b>information</b> described in the story, is it possible that Lina will use the side entrance tomorrow?",Epistemic,
2,Training,T1,,Museum entrance,0,future eventive,N-D,Lina is visiting a history museum tomorrow for a class project. Lina has a green visitor badge that is valid at both the main entrance and the side entrance.,"Based on the <b>information</b> described in the story, is it possible that Lina will use the side entrance tomorrow?",Epistemic,
3,Training,T1,,Museum entrance,1,past perfect / present progressive or stative,E-N,"Lina's classmate knows she entered through either the main entrance or the side entrance, but did not see which one. Lina visited a history museum this morning for a class project.","Based on the <b>information</b> described in the story, is it possible that Lina used the side entrance?",Epistemic,
4,Training,T1,,Museum entrance,1,past perfect / present progressive or stative,N-E,"Lina visited a history museum this morning for a class project. Lina's classmate knows she entered through either the main entrance or the side entrance, but did not see which one.","Based on the <b>information</b> described in the story, is it possible that Lina used the side entrance?",Epistemic,
6,Training,T10,,Workshop equipment,0,past perfect / present progressive or stative,E-N,Ben's coworker knows his project uses either the power drill or the laser cutter but cannot see which machine he chose. Ben is working in a community workshop right now.,"According to the <b>rules or permissions</b> described in the story, is Ben permitted to use the laser cutter?",Deontic,The story does not say
7,Training,T10,,Workshop equipment,0,past perfect / present progressive or stative,N-E,Ben is working in a community workshop right now. Ben's coworker knows his project uses either the power drill or the laser cutter but cannot see which machine he chose.,"According to the <b>rules or permissions</b> described in the story, is Ben permitted to use the laser cutter?",Deontic,The story does not say
8,Training,T10,,Workshop equipment,1,future eventive,D-N,Ben's safety certificate lists both the power drill and the laser cutter. Ben is working in a community workshop tomorrow.,"According to the <b>rules or permissions</b> described in the story, is Ben permitted to use the laser cutter tomorrow?",Deontic,The story does not say
1,Training,T10,,Workshop equipment,1,future eventive,N-D,Ben is working in a community workshop tomorrow. Ben's safety certificate lists both the power drill and the laser cutter.,"According to the <b>rules or permissions</b> described in the story, is Ben permitted to use the laser cutter tomorrow?",Deontic,The story does not say
2,Training,T10,,Workshop equipment,0,future eventive,D-N,Ben's safety certificate lists both the power drill and the laser cutter. Ben is working in a community workshop tomorrow.,"Based on the <b>information</b> described in the story, is it possible that Ben will use the laser cutter tomorrow?",Epistemic,
3,Training,T10,,Workshop equipment,0,future eventive,N-D,Ben is working in a community workshop tomorrow. Ben's safety certificate lists both the power drill and the laser cutter.,"Based on the <b>information</b> described in the story, is it possible that Ben will use the laser cutter tomorrow?",Epistemic,
4,Training,T10,,Workshop equipment,1,past perfect / present progressive or stative,E-N,Ben's coworker knows his project uses either the power drill or the laser cutter but cannot see which machine he chose. Ben is working in a community workshop right now.,"Based on the <b>information</b> described in the story, is it possible that Ben is using the laser cutter now?",Epistemic,
5,Training,T10,,Workshop equipment,1,past perfect / present progressive or stative,N-E,Ben is working in a community workshop right now. Ben's coworker knows his project uses either the power drill or the laser cutter but cannot see which machine he chose.,"Based on the <b>information</b> described in the story, is it possible that Ben is using the laser cutter now?",Epistemic,
7,Training,T11,,Community kitchen,0,past perfect / present progressive or stative,E-N,Nina's coordinator knows she was assigned either to food preparation or to cooking but has not checked which station she is at. Nina is volunteering at the community center right now.,"According to the <b>rules or permissions</b> described in the story, is Nina permitted to work at the cooking station?",Deontic,The story does not say
8,Training,T11,,Community kitchen,0,past perfect / present progressive or stative,N-E,Nina is volunteering at the community center right now. Nina's coordinator knows she was assigned either to food preparation or to cooking but has not checked which station she is at.,"According to the <b>rules or permissions</b> described in the story, is Nina permitted to work at the cooking station?",Deontic,The story does not say
1,Training,T11,,Community kitchen,1,future eventive,D-N,Nina completed the food-safety course required for both the preparation and cooking stations. Nina is volunteering at a community center tomorrow.,"According to the <b>rules or permissions</b> described in the story, is Nina permitted to work at the cooking station tomorrow?",Deontic,The story does not say
2,Training,T11,,Community kitchen,1,future eventive,N-D,Nina is volunteering at a community center tomorrow. Nina completed the food-safety course required for both the preparation and cooking stations.,"According to the <b>rules or permissions</b> described in the story, is Nina permitted to work at the cooking station tomorrow?",Deontic,The story does not say
3,Training,T11,,Community kitchen,0,future eventive,D-N,Nina completed the food-safety course required for both the preparation and cooking stations. Nina is volunteering at a community center tomorrow.,"Based on the <b>information</b> described in the story, is it possible that Nina will work at the cooking station tomorrow?",Epistemic,
4,Training,T11,,Community kitchen,0,future eventive,N-D,Nina is volunteering at a community center tomorrow. Nina completed the food-safety course required for both the preparation and cooking stations.,"Based on the <b>information</b> described in the story, is it possible that Nina will work at the cooking station tomorrow?",Epistemic,
5,Training,T11,,Community kitchen,1,past perfect / present progressive or stative,E-N,Nina's coordinator knows she was assigned either to food preparation or to cooking but has not checked which station she is at. Nina is volunteering at the community center right now.,"Based on the <b>information</b> described in the story, is it possible that Nina is working at the cooking station now?",Epistemic,
6,Training,T11,,Community kitchen,1,past perfect / present progressive or stative,N-E,Nina is volunteering at the community center right now. Nina's coordinator knows she was assigned either to food preparation or to cooking but has not checked which station she is at.,"Based on the <b>information</b> described in the story, is it possible that Nina is working at the cooking station now?",Epistemic,
8,Training,T12,,College lab,0,past perfect / present progressive or stative,E-N,"Daniel's supervisor knows he is in either Lab A or Lab B, but the room log has not been updated. Daniel is doing an experiment right now.","According to the <b>rules or permissions</b> described in the story, is Daniel permitted to work in Lab B?",Deontic,The story does not say
1,Training,T12,,College lab,0,past perfect / present progressive or stative,N-E,"Daniel is doing an experiment right now. Daniel's supervisor knows he is in either Lab A or Lab B, but the room log has not been updated.","According to the <b>rules or permissions</b> described in the story, is Daniel permitted to work in Lab B?",Deontic,The story does not say
2,Training,T12,,College lab,1,future eventive,D-N,Daniel's new safety qualification covers both Lab A and Lab B. Daniel is doing an experiment tomorrow.,"According to the <b>rules or permissions</b> described in the story, is Daniel permitted to work in Lab B tomorrow?",Deontic,The story does not say
3,Training,T12,,College lab,1,future eventive,N-D,Daniel is doing an experiment tomorrow. Daniel's new safety qualification covers both Lab A and Lab B.,"According to the <b>rules or permissions</b> described in the story, is Daniel permitted to work in Lab B tomorrow?",Deontic,The story does not say
4,Training,T12,,College lab,0,future eventive,D-N,Daniel's new safety qualification covers both Lab A and Lab B. Daniel is doing an experiment tomorrow.,"Based on the <b>information</b> described in the story, is it possible that Daniel will work in Lab B tomorrow?",Epistemic,
5,Training,T12,,College lab,0,future eventive,N-D,Daniel is doing an experiment tomorrow. Daniel's new safety qualification covers both Lab A and Lab B.,"Based on the <b>information</b> described in the story, is it possible that Daniel will work in Lab B tomorrow?",Epistemic,
6,Training,T12,,College lab,1,past perfect / present progressive or stative,E-N,"Daniel's supervisor knows he is in either Lab A or Lab B, but the room log has not been updated. Daniel is doing an experiment right now.","Based on the <b>information</b> described in the story, is it possible that Daniel is in Lab B now?",Epistemic,
7,Training,T12,,College lab,1,past perfect / present progressive or stative,N-E,"Daniel is doing an experiment right now. Daniel's supervisor knows he is in either Lab A or Lab B, but the room log has not been updated.","Based on the <b>information</b> described in the story, is it possible that Daniel is in Lab B now?",Epistemic,
1,Training,T2,,Library rooms,0,past perfect / present progressive or stative,E-N,Priya's classmate knows she is in either the reading room or the map room but has not found her yet. Priya is doing research at the library right now.,"According to the <b>rules or permissions</b> described in the story, is Priya permitted to work in the map room?",Deontic,The story does not say
2,Training,T2,,Library rooms,0,past perfect / present progressive or stative,N-E,Priya is doing research at the library right now. Priya's classmate knows she is in either the reading room or the map room but has not found her yet.,"According to the <b>rules or permissions</b> described in the story, is Priya permitted to work in the map room?",Deontic,The story does not say
3,Training,T2,,Library rooms,1,future eventive,D-N,Priya's researcher card lists both the reading room and the map room. Priya is doing research at the library tomorrow.,"According to the <b>rules or permissions</b> described in the story, is Priya permitted to work in the map room tomorrow?",Deontic,The story does not say
4,Training,T2,,Library rooms,1,future eventive,N-D,Priya is doing research at the library tomorrow. Priya's researcher card lists both the reading room and the map room.,"According to the <b>rules or permissions</b> described in the story, is Priya permitted to work in the map room tomorrow?",Deontic,The story does not say
5,Training,T2,,Library rooms,0,future eventive,D-N,Priya's researcher card lists both the reading room and the map room. Priya is doing research at the library tomorrow.,"Based on the <b>information</b> described in the story, is it possible that Priya will work in the map room tomorrow?",Epistemic,
6,Training,T2,,Library rooms,0,future eventive,N-D,Priya is doing research at the library tomorrow. Priya's researcher card lists both the reading room and the map room.,"Based on the <b>information</b> described in the story, is it possible that Priya will work in the map room tomorrow?",Epistemic,
7,Training,T2,,Library rooms,1,past perfect / present progressive or stative,E-N,Priya's classmate knows she is in either the reading room or the map room but has not found her yet. Priya is doing research at the library right now.,"Based on the <b>information</b> described in the story, is it possible that Priya is working in the map room now?",Epistemic,
8,Training,T2,,Library rooms,1,past perfect / present progressive or stative,N-E,Priya is doing research at the library right now. Priya's classmate knows she is in either the reading room or the map room but has not found her yet.,"Based on the <b>information</b> described in the story, is it possible that Priya is working in the map room now?",Epistemic,
2,Training,T3,,Community center,0,past perfect / present progressive or stative,E-N,"The front desk knows Nora chose either swimming or climbing, but her activity was not recorded. Nora is at the community center right now.","According to the <b>rules or permissions</b> described in the story, is Nora permitted to swim?",Deontic,The story does not say
3,Training,T3,,Community center,0,past perfect / present progressive or stative,N-E,"Nora is at the community center right now. The front desk knows Nora chose either swimming or climbing, but her activity was not recorded.","According to the <b>rules or permissions</b> described in the story, is Nora permitted to swim?",Deontic,The story does not say
4,Training,T3,,Community center,1,future eventive,D-N,Nora's membership includes both the swimming pool and the climbing area. Nora is going to the community center this afternoon.,"According to the <b>rules or permissions</b> described in the story, is Nora permitted to use the pool this afternoon?",Deontic,The story does not say
5,Training,T3,,Community center,1,future eventive,N-D,Nora is going to the community center this afternoon. Nora's membership includes both the swimming pool and the climbing area.,"According to the <b>rules or permissions</b> described in the story, is Nora permitted to use the pool this afternoon?",Deontic,The story does not say
6,Training,T3,,Community center,0,future eventive,D-N,Nora's membership includes both the swimming pool and the climbing area. Nora is going to the community center this afternoon.,"Based on the <b>information</b> described in the story, is it possible that Nora will use the pool this afternoon?",Epistemic,
7,Training,T3,,Community center,0,future eventive,N-D,Nora is going to the community center this afternoon. Nora's membership includes both the swimming pool and the climbing area.,"Based on the <b>information</b> described in the story, is it possible that Nora will use the pool this afternoon?",Epistemic,
8,Training,T3,,Community center,1,past perfect / present progressive or stative,E-N,"The front desk knows Nora chose either swimming or climbing, but her activity was not recorded. Nora is at the community center right now.","Based on the <b>information</b> described in the story, is it possible that Nora is swimming now?",Epistemic,
1,Training,T3,,Community center,1,past perfect / present progressive or stative,N-E,"Nora is at the community center right now. The front desk knows Nora chose either swimming or climbing, but her activity was not recorded.","Based on the <b>information</b> described in the story, is it possible that Nora is swimming now?",Epistemic,
3,Training,T4,,Train,0,past perfect / present progressive or stative,E-N,Kai's friend knows he took either the 3:15 train or the 4:00 train but has not heard which one. Kai traveled home earlier today.,"According to the <b>rules or permissions</b> described in the story, was Kai permitted to take the 4:00 train?",Deontic,The story does not say
4,Training,T4,,Train,0,past perfect / present progressive or stative,N-E,Kai traveled home earlier today. Kai's friend knows he took either the 3:15 train or the 4:00 train but has not heard which one.,"According to the <b>rules or permissions</b> described in the story, was Kai permitted to take the 4:00 train?",Deontic,The story does not say
5,Training,T4,,Train,1,future eventive,D-N,Kai's flexible ticket is valid on both the 3:15 train and the 4:00 train. Kai is traveling home tomorrow.,"According to the <b>rules or permissions</b> described in the story, is Kai permitted to take the 4:00 train tomorrow?",Deontic,The story does not say
6,Training,T4,,Train,1,future eventive,N-D,Kai is traveling home tomorrow. Kai's flexible ticket is valid on both the 3:15 train and the 4:00 train.,"According to the <b>rules or permissions</b> described in the story, is Kai permitted to take the 4:00 train tomorrow?",Deontic,The story does not say
7,Training,T4,,Train,0,future eventive,D-N,Kai's flexible ticket is valid on both the 3:15 train and the 4:00 train. Kai is traveling home tomorrow.,"Based on the <b>information</b> described in the story, is it possible that Kai will take the 4:00 train tomorrow?",Epistemic,
8,Training,T4,,Train,0,future eventive,N-D,Kai is traveling home tomorrow. Kai's flexible ticket is valid on both the 3:15 train and the 4:00 train.,"Based on the <b>information</b> described in the story, is it possible that Kai will take the 4:00 train tomorrow?",Epistemic,
1,Training,T4,,Train,1,past perfect / present progressive or stative,E-N,Kai's friend knows he took either the 3:15 train or the 4:00 train but has not heard which one. Kai traveled home earlier today.,"Based on the <b>information</b> described in the story, is it possible that Kai took the 4:00 train?",Epistemic,
2,Training,T4,,Train,1,past perfect / present progressive or stative,N-E,Kai traveled home earlier today. Kai's friend knows he took either the 3:15 train or the 4:00 train but has not heard which one.,"Based on the <b>information</b> described in the story, is it possible that Kai took the 4:00 train?",Epistemic,
4,Training,T5,,Parking,0,past perfect / present progressive or stative,E-N,"Omar's friends know his car is in either the north lot or the west lot, but they have not located it yet. Omar drove to a concert earlier today.","According to the <b>rules or permissions</b> described in the story, was Omar permitted to park in the west lot?",Deontic,The story does not say
5,Training,T5,,Parking,0,past perfect / present progressive or stative,N-E,"Omar drove to a concert earlier today. Omar's friends know his car is in either the north lot or the west lot, but they have not located it yet.","According to the <b>rules or permissions</b> described in the story, was Omar permitted to park in the west lot?",Deontic,The story does not say
6,Training,T5,,Parking,1,future eventive,D-N,Omar's parking sticker covers both the north lot and the west lot. Omar is driving to a concert tomorrow.,"According to the <b>rules or permissions</b> described in the story, is Omar permitted to park in the west lot tomorrow?",Deontic,The story does not say
7,Training,T5,,Parking,1,future eventive,N-D,Omar is driving to a concert tomorrow. Omar's parking sticker covers both the north lot and the west lot.,"According to the <b>rules or permissions</b> described in the story, is Omar permitted to park in the west lot tomorrow?",Deontic,The story does not say
8,Training,T5,,Parking,0,future eventive,D-N,Omar's parking sticker covers both the north lot and the west lot. Omar is driving to a concert tomorrow.,"Based on the <b>information</b> described in the story, is it possible that Omar will park in the west lot tomorrow?",Epistemic,
1,Training,T5,,Parking,0,future eventive,N-D,Omar is driving to a concert tomorrow. Omar's parking sticker covers both the north lot and the west lot.,"Based on the <b>information</b> described in the story, is it possible that Omar will park in the west lot tomorrow?",Epistemic,
2,Training,T5,,Parking,1,past perfect / present progressive or stative,E-N,"Omar's friends know his car is in either the north lot or the west lot, but they have not located it yet. Omar drove to a concert earlier today.","Based on the <b>information</b> described in the story, is it possible that Omar is parked in the west lot now?",Epistemic,
3,Training,T5,,Parking,1,past perfect / present progressive or stative,N-E,"Omar drove to a concert earlier today. Omar's friends know his car is in either the north lot or the west lot, but they have not located it yet.","Based on the <b>information</b> described in the story, is it possible that Omar is parked in the west lot now?",Epistemic,
5,Training,T6,,Theater,0,past perfect / present progressive or stative,E-N,Maya's friends know her seat is either on the main floor or in the balcony but cannot see her from where they are sitting. Maya is watching a play right now with her drama club.,"According to the <b>rules or permissions</b> described in the story, is Maya permitted to sit in the balcony?",Deontic,The story does not say
6,Training,T6,,Theater,0,past perfect / present progressive or stative,N-E,Maya is watching a play right now with her drama club. Maya's friends know her seat is either on the main floor or in the balcony but cannot see her from where they are sitting.,"According to the <b>rules or permissions</b> described in the story, is Maya permitted to sit in the balcony?",Deontic,The story does not say
7,Training,T6,,Theater,1,future eventive,D-N,Maya's silver ticket is accepted in either the main-floor section or the balcony. Maya is going to a play tonight with her drama club.,"According to the <b>rules or permissions</b> described in the story, is Maya permitted to sit in the balcony tonight?",Deontic,The story does not say
8,Training,T6,,Theater,1,future eventive,N-D,Maya is going to a play tonight with her drama club. Maya's silver ticket is accepted in either the main-floor section or the balcony.,"According to the <b>rules or permissions</b> described in the story, is Maya permitted to sit in the balcony tonight?",Deontic,The story does not say
1,Training,T6,,Theater,0,future eventive,D-N,Maya's silver ticket is accepted in either the main-floor section or the balcony. Maya is going to a play tonight with her drama club.,"Based on the <b>information</b> described in the story, is it possible that Maya will sit in the balcony tonight?",Epistemic,
2,Training,T6,,Theater,0,future eventive,N-D,Maya is going to a play tonight with her drama club. Maya's silver ticket is accepted in either the main-floor section or the balcony.,"Based on the <b>information</b> described in the story, is it possible that Maya will sit in the balcony tonight?",Epistemic,
3,Training,T6,,Theater,1,past perfect / present progressive or stative,E-N,Maya's friends know her seat is either on the main floor or in the balcony but cannot see her from where they are sitting. Maya is watching a play right now with her drama club.,"Based on the <b>information</b> described in the story, is it possible that Maya is sitting in the balcony now?",Epistemic,
4,Training,T6,,Theater,1,past perfect / present progressive or stative,N-E,Maya is watching a play right now with her drama club. Maya's friends know her seat is either on the main floor or in the balcony but cannot see her from where they are sitting.,"Based on the <b>information</b> described in the story, is it possible that Maya is sitting in the balcony now?",Epistemic,
6,Training,T7,,Art studio,0,past perfect / present progressive or stative,E-N,The instructor knows Eli spent the second half of class either in the ceramics studio or in the print room but does not remember which. Eli attended an art workshop this morning.,"According to the <b>rules or permissions</b> described in the story, was Eli permitted to work in the print room?",Deontic,The story does not say
7,Training,T7,,Art studio,0,past perfect / present progressive or stative,N-E,Eli attended an art workshop this morning. The instructor knows Eli spent the second half of class either in the ceramics studio or in the print room but does not remember which.,"According to the <b>rules or permissions</b> described in the story, was Eli permitted to work in the print room?",Deontic,The story does not say
8,Training,T7,,Art studio,1,future eventive,D-N,"Eli completed the advanced course last month, which qualifies him to use both the ceramics studio and the print room. Eli is taking an art workshop tomorrow.","According to the <b>rules or permissions</b> described in the story, is Eli permitted to use the print room tomorrow?",Deontic,The story does not say
1,Training,T7,,Art studio,1,future eventive,N-D,"Eli is taking an art workshop tomorrow. Eli completed the advanced course last month, which qualifies him to use both the ceramics studio and the print room.","According to the <b>rules or permissions</b> described in the story, is Eli permitted to use the print room tomorrow?",Deontic,The story does not say
2,Training,T7,,Art studio,0,future eventive,D-N,"Eli completed the advanced course last month, which qualifies him to use both the ceramics studio and the print room. Eli is taking an art workshop tomorrow.","Based on the <b>information</b> described in the story, is it possible that Eli will use the print room tomorrow?",Epistemic,
3,Training,T7,,Art studio,0,future eventive,N-D,"Eli is taking an art workshop tomorrow. Eli completed the advanced course last month, which qualifies him to use both the ceramics studio and the print room.","Based on the <b>information</b> described in the story, is it possible that Eli will use the print room tomorrow?",Epistemic,
4,Training,T7,,Art studio,1,past perfect / present progressive or stative,E-N,The instructor knows Eli spent the second half of class either in the ceramics studio or in the print room but does not remember which. Eli attended an art workshop this morning.,"Based on the <b>information</b> described in the story, is it possible that Eli worked in the print room this morning?",Epistemic,
5,Training,T7,,Art studio,1,past perfect / present progressive or stative,N-E,Eli attended an art workshop this morning. The instructor knows Eli spent the second half of class either in the ceramics studio or in the print room but does not remember which.,"Based on the <b>information</b> described in the story, is it possible that Eli worked in the print room this morning?",Epistemic,
7,Training,T8,,Ferry,0,past perfect / present progressive or stative,E-N,"Sofia's family knows she chose either the lower deck or the upper deck, but they have not found her yet. Sofia is on the ferry right now.","According to the <b>rules or permissions</b> described in the story, is Sofia permitted to sit on the upper deck?",Deontic,The story does not say
8,Training,T8,,Ferry,0,past perfect / present progressive or stative,N-E,"Sofia is on the ferry right now. Sofia's family knows she chose either the lower deck or the upper deck, but they have not found her yet.","According to the <b>rules or permissions</b> described in the story, is Sofia permitted to sit on the upper deck?",Deontic,The story does not say
1,Training,T8,,Ferry,1,future eventive,D-N,"Sofia's ticket is marked “all decks,” including both the lower and upper decks. Sofia is taking a ferry tomorrow for a family trip.","According to the <b>rules or permissions</b> described in the story, is Sofia permitted to sit on the upper deck tomorrow?",Deontic,The story does not say
2,Training,T8,,Ferry,1,future eventive,N-D,"Sofia is taking a ferry tomorrow for a family trip. Sofia's ticket is marked “all decks,” including both the lower and upper decks.","According to the <b>rules or permissions</b> described in the story, is Sofia permitted to sit on the upper deck tomorrow?",Deontic,The story does not say
3,Training,T8,,Ferry,0,future eventive,D-N,"Sofia's ticket is marked “all decks,” including both the lower and upper decks. Sofia is taking a ferry tomorrow for a family trip.","Based on the <b>information</b> described in the story, is it possible that Sofia will sit on the upper deck tomorrow?",Epistemic,
4,Training,T8,,Ferry,0,future eventive,N-D,"Sofia is taking a ferry tomorrow for a family trip. Sofia's ticket is marked “all decks,” including both the lower and upper decks.","Based on the <b>information</b> described in the story, is it possible that Sofia will sit on the upper deck tomorrow?",Epistemic,
5,Training,T8,,Ferry,1,past perfect / present progressive or stative,E-N,"Sofia's family knows she chose either the lower deck or the upper deck, but they have not found her yet. Sofia is on the ferry right now.","Based on the <b>information</b> described in the story, is it possible that Sofia is sitting on the upper deck now?",Epistemic,
6,Training,T8,,Ferry,1,past perfect / present progressive or stative,N-E,"Sofia is on the ferry right now. Sofia's family knows she chose either the lower deck or the upper deck, but they have not found her yet.","Based on the <b>information</b> described in the story, is it possible that Sofia is sitting on the upper deck now?",Epistemic,
8,Training,T9,,Festival gate,0,past perfect / present progressive or stative,E-N,"Mateo's friends know he entered through either the north gate or the south gate, but no one saw him arrive. Mateo arrived at a music festival earlier tonight.","According to the <b>rules or permissions</b> described in the story, was Mateo permitted to enter through the south gate?",Deontic,The story does not say
1,Training,T9,,Festival gate,0,past perfect / present progressive or stative,N-E,"Mateo arrived at a music festival earlier tonight. Mateo's friends know he entered through either the north gate or the south gate, but no one saw him arrive.","According to the <b>rules or permissions</b> described in the story, was Mateo permitted to enter through the south gate?",Deontic,The story does not say
2,Training,T9,,Festival gate,1,future eventive,D-N,Mateo's staff wristband is valid at both the north gate and the south gate. Mateo is going to a music festival tonight.,"According to the <b>rules or permissions</b> described in the story, is Mateo permitted to enter through the south gate tonight?",Deontic,The story does not say
3,Training,T9,,Festival gate,1,future eventive,N-D,Mateo is going to a music festival tonight. Mateo's staff wristband is valid at both the north gate and the south gate.,"According to the <b>rules or permissions</b> described in the story, is Mateo permitted to enter through the south gate tonight?",Deontic,The story does not say
4,Training,T9,,Festival gate,0,future eventive,D-N,Mateo's staff wristband is valid at both the north gate and the south gate. Mateo is going to a music festival tonight.,"Based on the <b>information</b> described in the story, is it possible that Mateo will enter through the south gate tonight?",Epistemic,
5,Training,T9,,Festival gate,0,future eventive,N-D,Mateo is going to a music festival tonight. Mateo's staff wristband is valid at both the north gate and the south gate.,"Based on the <b>information</b> described in the story, is it possible that Mateo will enter through the south gate tonight?",Epistemic,
6,Training,T9,,Festival gate,1,past perfect / present progressive or stative,E-N,"Mateo's friends know he entered through either the north gate or the south gate, but no one saw him arrive. Mateo arrived at a music festival earlier tonight.","Based on the <b>information</b> described in the story, is it possible that Mateo entered through the south gate?",Epistemic,
7,Training,T9,,Festival gate,1,past perfect / present progressive or stative,N-E,"Mateo arrived at a music festival earlier tonight. Mateo's friends know he entered through either the north gate or the south gate, but no one saw him arrive.","Based on the <b>information</b> described in the story, is it possible that Mateo entered through the south gate?",Epistemic,