,item_id,judgement_flavour,modal_possibility,Value,count
0,C1,Deontic,-1.0,no,2
1,C1,Deontic,-1.0,yes,2
2,C1,Deontic,1.0,no,3
3,C1,Deontic,1.0,yes,1
4,C1,Epistemic,-1.0,no,2
5,C1,Epistemic,-1.0,yes,2
6,C2,Deontic,-1.0,no,4
7,C2,Deontic,1.0,yes,3
8,C2,Deontic,1.0,no,1
9,C2,Epistemic,-1.0,no,2
10,C2,Epistemic,-1.0,yes,2
11,C3,Deontic,-1.0,no,2
12,C3,Deontic,-1.0,third,1
13,C3,Deontic,-1.0,yes,1
14,C3,Deontic,1.0,yes,4
15,C3,Epistemic,-1.0,yes,3
16,C3,Epistemic,-1.0,no,1
17,C4,Deontic,-1.0,no,4
18,C4,Deontic,1.0,yes,3
19,C4,Deontic,1.0,no,1
20,C4,Epistemic,-1.0,no,2
21,C4,Epistemic,-1.0,yes,2
22,C5,Deontic,-1.0,no,2
23,C5,Deontic,-1.0,yes,2
24,C5,Deontic,1.0,yes,3
25,C5,Deontic,1.0,no,1
26,C5,Epistemic,-1.0,no,2
27,C5,Epistemic,-1.0,yes,2
28,C6,Deontic,-1.0,no,4
29,C6,Deontic,1.0,yes,3
30,C6,Deontic,1.0,third,1
31,C6,Epistemic,-1.0,yes,4
32,C7,Deontic,-1.0,no,4
33,C7,Deontic,1.0,yes,3
34,C7,Deontic,1.0,no,1
35,C7,Epistemic,-1.0,no,3
36,C7,Epistemic,-1.0,yes,1
37,C8,Deontic,-1.0,no,4
38,C8,Deontic,1.0,no,2
39,C8,Deontic,1.0,yes,2
40,C8,Epistemic,-1.0,no,2
41,C8,Epistemic,-1.0,yes,2
42,F1,Deontic,1.0,yes,3
43,F1,Deontic,1.0,no,1
44,F2,Deontic,-1.0,no,2
45,F2,Deontic,-1.0,third,1
46,F2,Deontic,-1.0,yes,1
47,F2,Epistemic,-1.0,no,4
48,F3,Deontic,1.0,yes,3
49,F3,Deontic,1.0,no,1
50,F4,Deontic,-1.0,no,3
51,F4,Deontic,-1.0,yes,1
52,F4,Epistemic,-1.0,no,3
53,F4,Epistemic,-1.0,yes,1
54,F5,Deontic,1.0,yes,4
55,F6,Deontic,-1.0,no,4
56,F6,Epistemic,-1.0,no,2
57,F6,Epistemic,-1.0,yes,2
58,F7,Deontic,1.0,yes,4
59,F8,Deontic,-1.0,no,4
60,F8,Epistemic,-1.0,no,3
61,F8,Epistemic,-1.0,yes,1
62,T1,Deontic,0.0,yes,2
63,T1,Deontic,0.0,no,1
64,T1,Deontic,0.0,third,1
65,T1,Deontic,1.0,yes,4
66,T1,Epistemic,0.0,yes,4
67,T1,Epistemic,1.0,yes,4
68,T10,Deontic,0.0,third,3
69,T10,Deontic,0.0,no,1
70,T10,Deontic,1.0,yes,4
71,T10,Epistemic,0.0,yes,3
72,T10,Epistemic,0.0,no,1
73,T10,Epistemic,1.0,yes,4
74,T11,Deontic,0.0,third,3
75,T11,Deontic,0.0,yes,1
76,T11,Deontic,1.0,yes,3
77,T11,Deontic,1.0,no,1
78,T11,Epistemic,0.0,yes,4
79,T11,Epistemic,1.0,yes,3
80,T11,Epistemic,1.0,no,1
81,T12,Deontic,0.0,third,3
82,T12,Deontic,0.0,yes,1
83,T12,Deontic,1.0,yes,2
84,T12,Deontic,1.0,no,1
85,T12,Deontic,1.0,third,1
86,T12,Epistemic,0.0,yes,3
87,T12,Epistemic,0.0,no,1
88,T12,Epistemic,1.0,yes,4
89,T2,Deontic,0.0,third,2
90,T2,Deontic,0.0,no,1
91,T2,Deontic,0.0,yes,1
92,T2,Deontic,1.0,third,2
93,T2,Deontic,1.0,yes,2
94,T2,Epistemic,0.0,yes,4
95,T2,Epistemic,1.0,yes,3
96,T2,Epistemic,1.0,no,1
97,T3,Deontic,0.0,third,2
98,T3,Deontic,0.0,no,1
99,T3,Deontic,0.0,yes,1
100,T3,Deontic,1.0,yes,4
101,T3,Epistemic,0.0,yes,4
102,T3,Epistemic,1.0,yes,4
103,T4,Deontic,0.0,yes,3
104,T4,Deontic,0.0,third,1
105,T4,Deontic,1.0,yes,4
106,T4,Epistemic,0.0,yes,4
107,T4,Epistemic,1.0,yes,3
108,T4,Epistemic,1.0,no,1
109,T5,Deontic,0.0,third,2
110,T5,Deontic,0.0,yes,2
111,T5,Deontic,1.0,yes,3
112,T5,Deontic,1.0,third,1
113,T5,Epistemic,0.0,yes,4
114,T5,Epistemic,1.0,yes,4
115,T6,Deontic,0.0,yes,2
116,T6,Deontic,0.0,no,1
117,T6,Deontic,0.0,third,1
118,T6,Deontic,1.0,yes,4
119,T6,Epistemic,0.0,yes,3
120,T6,Epistemic,0.0,no,1
121,T6,Epistemic,1.0,yes,4
122,T7,Deontic,0.0,third,3
123,T7,Deontic,0.0,yes,1
124,T7,Deontic,1.0,yes,3
125,T7,Deontic,1.0,third,1
126,T7,Epistemic,0.0,yes,3
127,T7,Epistemic,0.0,no,1
128,T7,Epistemic,1.0,yes,4
129,T8,Deontic,0.0,third,4
130,T8,Deontic,1.0,yes,4
131,T8,Epistemic,0.0,yes,3
132,T8,Epistemic,0.0,no,1
133,T8,Epistemic,1.0,yes,3
134,T8,Epistemic,1.0,no,1
135,T9,Deontic,0.0,third,2
136,T9,Deontic,0.0,yes,2
137,T9,Deontic,1.0,yes,4
138,T9,Epistemic,0.0,yes,4
139,T9,Epistemic,1.0,yes,4
